ticker,name,window,ohlcv_rows,voliv_rows,liq_rows,dropped,status
0289640Q UN,GENENTECH INC-SPECIAL COMMON,1990-01-01..1990-07-01,126,126,126,0,ok
1323Q US,NORTON COMPANY,1990-01-01..1990-07-01,126,126,126,0,ok
1691Q UN,PHILIP INDUSTRIES INC,1990-01-01..1990-10-01,163,189,163,0,ok
2246800Q UN,PRIME HOSPITALITY CORP,1990-01-01..1990-10-01,190,190,190,0,ok
SVFI US,SOVRAN FINANCIAL CORP,1990-01-01..1990-10-01,152,156,0,0,ok
2683Q US,WILLIS CORROON GROUP-SP ADR,1990-01-01..1991-01-01,227,218,29,0,ok
FBNIQ US,FURNITURE BRANDS INTL INC,1990-01-01..1991-01-01,215,220,187,0,ok
LCE UN,LONE STAR INDUSTRIES INC,1990-01-01..1991-01-01,253,253,253,0,ok
MCAI US,UNIVERSAL STUDIOS INC,1990-01-01..1991-01-01,238,224,0,0,ok
NKE US,NIKE INC -CL B,1990-01-01..1991-01-01,253,253,253,0,ok
923022Q US,BROADWAY STORES INC,1990-01-01..1991-04-01,315,315,315,0,ok
KATE US,KATE SPADE & CO LLC,1990-01-01..1991-04-01,315,315,315,0,ok
PNAA US,PAN AM CORP,1990-01-01..1991-04-01,234,219,0,0,ok
3123863Q UN,SCHNEIDER ELECTRIC USA INC,1990-01-01..1991-07-01,355,378,355,0,ok
643319Q UN,TONKA CORP,1990-01-01..1991-07-01,379,379,379,0,ok
8384662Q US,CATTLESALE CO/THE,1990-01-01..1991-07-01,379,379,379,0,ok
BF/B UA,BROWN-FORMAN CORP-CLASS B,1990-01-01..1991-07-01,341,378,342,0,ok
MRO US,MARATHON OIL CORP,1990-01-01..1991-07-01,379,379,379,0,ok
PRSU US,PURSUIT ATTRACTIONS AND HOSP,1990-01-01..1991-07-01,379,379,379,0,ok
UH UN,U S HOME CORP,1990-01-01..1991-07-01,379,379,379,0,ok
1028411Q US,GILLETTE COMPANY,1990-01-01..1991-10-01,443,443,443,0,ok
1503Q UN,NCR CORP-OLD,1990-01-01..1991-10-01,435,442,435,0,ok
1708Q US,CROSS & TRECKER CORP,1990-01-01..1992-01-01,465,506,465,0,ok
HBJ UN,HARCOURT BRACE JOVANOVICH IN,1990-01-01..1992-01-01,482,506,482,0,ok
TRV US,TRAVELERS COS INC/THE,1990-01-01..1992-01-01,506,506,506,0,ok
0848680D US,SPRINT COMMUNICATIONS LLC,1990-01-01..1992-04-01,570,570,571,0,ok
2390302D UN,USG CORP,1990-01-01..1992-04-01,570,570,570,0,ok
292356Z US,MANUFACTURERS HANOVER CORP,1990-01-01..1992-04-01,496,544,0,0,ok
601964Q US,C & S SOVRAN CORP,1990-07-01..1992-04-01,321,369,0,0,ok
1789494D US,NIELSEN AUDIO INC,1990-01-01..1992-07-01,633,633,633,0,ok
AZA UA,ALZA CORP,1990-10-01..1992-07-01,420,443,458,0,ok
BAC1 US,SECURITY PACIFIC CORP,1990-01-01..1992-07-01,583,632,583,0,ok
FBF US,FLEETBOSTON FINANCIAL CORP,1990-01-01..1992-07-01,631,633,633,2,ok
2056Q UN,ACME-CLEVELAND CORP,1990-01-01..1992-10-01,695,696,697,0,ok
BNSSA US,BNS HOLDING INC-CL A,1990-01-01..1992-10-01,697,697,718,0,ok
GWOW UN,GENESIS WORLDWIDE INC,1990-01-01..1992-10-01,692,697,697,0,ok
WAN/B UA,WANG LABORATORIES  -CL B,1990-01-01..1992-10-01,696,697,697,0,ok
1684442D UA,PALL CORP,1990-01-01..1993-01-01,697,760,760,0,ok
WETT US,SUPERVALU HOLDINGS INC,1990-01-01..1993-01-01,715,760,717,0,ok
739306Q US,HARCOURT GENERAL INC,1990-01-01..1993-04-01,821,823,849,2,ok
2292198Q UN,GALEN HEALTH CARE INC,1993-01-01..1993-10-01,124,130,95,0,ok
BCO US,BRINK'S CO/THE,1990-01-01..1993-10-01,950,950,950,0,ok
IK UN,INTERLAKE CORP,1990-01-01..1993-10-01,948,950,950,0,ok
WLBAQ US,WESTMORELAND COAL CO,1990-01-01..1993-10-01,948,950,950,1,ok
1166Q US,AMAX INC,1990-01-01..1994-01-01,982,1012,984,0,ok
1539547D UN,QUANTUM CHEMICAL CORP,1990-01-01..1994-01-01,947,1012,949,0,ok
1671Q UN,PARAMOUNT COMMUNICATIONS INC,1990-01-01..1994-01-01,1012,1013,1013,0,ok
2340361Q UN,TRAVELERS CORP,1990-01-01..1994-01-01,1012,1013,1013,0,ok
2603Q US,PRICE CO/THE,1990-01-01..1994-01-01,963,1012,964,1,ok
263179Q US,CORESTATES FINANCIAL CORP,1990-10-01..1994-01-01,824,824,824,0,ok
HST US,HOST HOTELS & RESORTS INC,1990-01-01..1994-01-01,1013,1013,1013,0,ok
JWPI UN,JWP INC,1990-07-01..1994-01-01,827,886,887,0,ok
3691661Q UN,LITTON INDUSTRIES INC,1990-01-01..1994-04-01,1074,1076,1076,0,ok
CNA UN,CNA FINANCIAL CORP,1990-01-01..1994-04-01,1075,1077,1076,0,ok
MKG US,MALLINCKRODT INC,1990-01-01..1994-04-01,1076,1076,1076,0,ok
NEU UN,NEWMARKET CORP,1990-01-01..1994-04-01,1073,1077,1076,0,ok
NL UN,NLI HOLDINGS INC,1990-01-01..1994-04-01,1075,1076,1076,0,ok
1618Q US,COMMONWEALTH GENERAL CORP,1990-01-01..1994-07-01,1139,1139,1139,0,ok
1953Q UN,SYNTEX CORP,1990-01-01..1994-07-01,1138,1139,1139,0,ok
FJCC US,FC LIQUIDATING INC,1990-01-01..1994-07-01,1139,1139,1174,0,ok
GQ UN,GRUMMAN CORP,1990-01-01..1994-07-01,1085,1138,1086,0,ok
NAE US,CENTERPOINT ENERGY RESOURCES,1990-01-01..1994-07-01,1139,1139,1139,0,ok
1199Q US,PCS HOLDING CORP,1990-01-01..1994-10-01,1202,1202,1202,0,ok
1856Q UN,WYETH HOLDINGS LLC,1990-01-01..1994-10-01,1200,1202,1202,0,ok
2254Q UN,GERBER PRODUCTS CO,1990-01-01..1994-10-01,1175,1201,1176,0,ok
54279Q UN,BLOCKBUSTER ENMNT CORP,1991-01-01..1994-10-01,947,948,948,0,ok
AVATQ US,AVATEX CORP-CL A,1990-01-01..1994-10-01,1202,1202,1202,0,ok
MCAWA US,MCCAW CELLULAR COMMUNICATION,1993-07-01..1994-10-01,311,316,314,0,ok
UALAQ UN,UAL CORP-OLD,1990-01-01..1994-10-01,1197,1202,1202,0,ok
1719Q UN,PSI RESOURCES INC,1990-01-01..1995-01-01,1217,1264,1218,0,ok
2245Q UN,BORDEN INC,1990-01-01..1995-01-01,1263,1265,1265,0,ok
GCO UN,GENESCO INC,1990-01-01..1995-01-01,1264,1269,1265,0,ok
JWN US,NORDSTROM INC,1990-01-01..1995-01-01,1265,1265,1265,0,ok
TAP US,MOLSON COORS BEVERAGE CO - B,1990-01-01..1995-01-01,1265,1265,1265,0,ok
0598884D US,MCI COMMUNICATIONS,1990-01-01..1995-04-01,1327,1328,1328,1,ok
1237Q UN,PET INC,1991-04-01..1995-04-01,1012,998,984,0,ok
1270Q US,BRUNO'S INC/OLD,1991-04-01..1995-04-01,1014,1014,1014,0,ok
1291Q US,TRANSCO ENERGY CO,1991-04-01..1995-04-01,1014,1014,1014,0,ok
1377Q UN,MARTIN MARIETTA CORP,1990-01-01..1995-04-01,1315,1327,1316,0,ok
1624Q US,LOTUS DEVELOPMENT CORP,1990-01-01..1995-04-01,1327,1328,1328,1,ok
1712414D UN,LOCKHEED CORP,1990-01-01..1995-04-01,1315,1327,1316,0,ok
2206Q US,ALCATEL-LUCENT HOLDINGS INC,1990-01-01..1995-04-01,1328,1328,1328,0,ok
304024Q US,SPRINGS INDUSTRIES INC-CL A,1990-01-01..1995-04-01,1328,1328,1370,0,ok
3277Q US,J.P. MORGAN & COMPANY-OLD,1990-01-01..1995-04-01,1328,1328,1328,0,ok
8375930Q UN,CONOCOPHILLIPS CO,1990-01-01..1995-04-01,1327,1328,1328,0,ok
FWLT UN,FOSTER WHEELER AG,1990-01-01..1995-04-01,1327,1333,1328,0,ok
GIDL US,GIDDINGS & LEWIS INC,1992-07-01..1995-04-01,696,696,696,0,ok
MXS UN,MAXUS ENERGY CORP,1990-01-01..1995-04-01,1327,1328,1328,0,ok
NEC UN,NATIONAL EDUCATION CORP,1990-01-01..1995-04-01,1327,1328,1328,0,ok
TCOMA US,COMCAST CABLE HOLDINGS LLC-A,1990-01-01..1995-04-01,1328,1328,1328,0,ok
USB US,US BANCORP,1990-10-01..1995-04-01,1139,1139,1139,0,ok
USHC US,U S HEALTHCARE INC,1994-04-01..1995-04-01,252,252,252,0,ok
WOR US,WORTHINGTON ENTERPRISES INC,1990-01-01..1995-04-01,1328,1328,1328,0,ok
2650Q UN,RAYTHEON E-SYSTEMS INC,1990-01-01..1995-07-01,1352,1390,1353,0,ok
CINL UN,CONTINENTAL CORP,1990-01-01..1995-07-01,1354,1390,1355,0,ok
CKL UN,DOOSAN BOBCAT NORTH AMERICA,1990-01-01..1995-07-01,1365,1390,1366,0,ok
GOSHA UQ,OSHKOSH B'GOSH INC,1990-01-01..1995-07-01,1391,1391,1425,0,ok
HTMXQ UN,XMH CORP 1,1990-01-01..1995-07-01,1390,1391,1391,0,ok
SKLNQ UN,SAFETY-KLEEN CORP,1990-01-01..1995-07-01,1390,1391,1391,0,ok
1270Q UQ,BRUNO'S INC/OLD,1995-01-01..1995-10-01,160,177,160,0,ok
1456Q UN,M/A-COM RFID INC,1990-01-01..1995-10-01,1390,1453,1391,0,ok
1624Q UQ,LOTUS DEVELOPMENT CORP,1995-01-01..1995-10-01,128,117,151,0,ok
2576Q UN,SANTA FE PACIFIC CORP,1990-01-01..1995-10-01,1445,1453,1448,0,ok
HET US,CAESARS ENTERTAINMENT CORP,1995-01-01..1995-10-01,189,190,189,0,ok
SKY UN,CHAMPION HOMES INC,1990-01-01..1995-10-01,1453,1454,1454,0,ok
SPXC UN,SPX TECHNOLOGIES INC,1990-01-01..1995-10-01,1453,1463,1454,0,ok
1297Q UN,CBS BROADCASTING INC,1990-01-01..1996-01-01,1492,1517,1493,0,ok
1455Q UN,SHAWMUT NATIONAL CORP,1990-01-01..1996-01-01,1496,1517,1497,0,ok
1530Q UN,KIMBERLY-CLARK TISSUE CO,1990-01-01..1996-01-01,1503,1517,1505,0,ok
204923Q US,CALIBER SYSTEM INC,1990-01-01..1996-01-01,1517,1517,1517,0,ok
210811Q UN,FIRST MISSISSIPPI CORP,1990-01-01..1996-01-01,1516,1517,1517,0,ok
2288005Q US,PIONEER HI-BRED INTL INC,1993-10-01..1996-01-01,568,568,568,0,ok
279776Q UN,FIRST CHICAGO CORP,1990-01-01..1996-01-01,1496,1517,1497,0,ok
BSET UQ,BASSETT FURNITURE INDS,1990-01-01..1996-01-01,1517,1517,1517,0,ok
MRNKQ US,MORRISON KNUDSEN CORP-OLD,1990-04-01..1996-01-01,1454,1454,1454,0,ok
UPJ UN,UPJOHN CO,1990-01-01..1996-01-01,1477,1517,1478,0,ok
ZETHQ US,ZENITH ELECTRONICS CORP,1990-01-01..1996-01-01,1517,1517,1517,0,ok
ZRN UN,ZURN INDUSTRIES INC,1990-01-01..1996-01-01,1516,1517,1517,0,ok
1423Q UN,CAPITAL CITIES/ABC INC,1990-01-01..1996-04-01,1545,1580,1546,0,ok
2987Q UN,CRAY RESEARCH,1990-01-01..1996-04-01,1580,1581,1581,0,ok
BCO UN,BRINK'S CO/THE,1993-07-01..1996-04-01,679,665,696,0,ok
FBO UN,FEDERAL PAPER BOARD CO,1990-01-01..1996-04-01,1566,1580,1567,0,ok
FFB UN,FIRST FIDELITY INC,1990-01-01..1996-04-01,1516,1580,1517,0,ok
HDLM UN,HANDLEMAN CO,1990-01-01..1996-04-01,1580,1581,1581,0,ok
0440296D UN,FIRST INTERSTATE BANCORP,1990-01-01..1996-07-01,1579,1643,1581,0,ok
1327Q UN,CHASE MANHATTAN CORP-PM W CH,1990-01-01..1996-07-01,1579,1643,1580,0,ok
1356Q UN,LOCKHEED MARTIN TACTICAL,1990-01-01..1996-07-01,1599,1643,1600,0,ok
2784Q UN,PREMARK INTERNATIONAL LLC,1990-01-01..1996-07-01,1643,1644,1644,0,ok
1463Q UN,FRESENIUS MEDICAL CARE HOLDI,1990-01-01..1996-10-01,1705,1707,1706,0,ok
2659104D UN,VARITY CORP,1990-01-01..1996-10-01,1684,1707,1690,0,ok
2746Q UN,TELEDYNE INC,1990-01-01..1996-10-01,1673,1707,1676,0,ok
CAL UN,CALERES INC,1990-01-01..1996-10-01,1707,1708,1708,0,ok
CVGYQ US,REWORLD WASTE LLC,1990-01-01..1996-10-01,1708,1708,1708,0,ok
PRSU UN,PURSUIT ATTRACTIONS AND HOSP,1991-04-01..1996-10-01,1360,1347,1394,0,ok
USHC UQ,U S HEALTHCARE INC,1995-01-01..1996-10-01,392,431,392,0,ok
1511Q UN,EL PASO TENNESSEE PIPELINE C,1990-01-01..1997-01-01,1757,1771,1758,0,ok
1513Q UN,ROCKWELL INTL CORP-OLD,1990-01-01..1997-01-01,1753,1771,1755,0,ok
1789530D UN,TRANSITIONAL HOSPITALS CORP,1990-01-01..1997-01-01,1770,1771,1771,0,ok
1824174D UN,OUTBOARD MARINE CORP,1990-01-01..1997-01-01,1770,1771,1771,0,ok
228510Q US,WILLAMETTE INDUSTRIES INC,1995-07-01..1997-01-01,380,380,380,0,ok
BLY UN,BALLY ENTERTAINMENT CORP,1990-01-01..1997-01-01,1762,1771,1763,0,ok
CNW UN,XPO CNW INC,1990-01-01..1997-01-01,1770,1787,1771,0,ok
STJ US,ST JUDE MEDICAL INC,1990-01-01..1997-01-01,1771,1771,1771,0,ok
YELLQ UQ,YELLOW CORP,1990-01-01..1997-01-01,1771,1781,1771,0,ok
1897359D UQ,RYAN'S RESTAURANT GROUP LLC,1990-01-01..1997-04-01,1833,1833,1833,0,ok
1958Q US,BOATMEN'S BANCSHARES INC,1991-01-01..1997-04-01,1521,1579,1521,0,ok
AALEA UN,ALEXANDER & ALEXANDER SVCS-A,1990-01-01..1997-04-01,1805,1832,1810,0,ok
LUB UN,LUBY'S INC,1990-01-01..1997-04-01,1831,1833,1833,0,ok
SHOY US,SHOLAND LLC,1990-01-01..1997-04-01,1833,1833,1833,0,ok
1581Q UN,MORTON INTL INC-OLD,1990-01-01..1997-07-01,1853,1896,1854,0,ok
1618Q UN,COMMONWEALTH GENERAL CORP,1994-04-01..1997-07-01,778,777,806,0,ok
1680Q UN,CONRAIL INC,1990-01-01..1997-07-01,1875,1896,1876,0,ok
202550Q UN,SANTA FE PACIFIC GOLD CORP/D,1994-10-01..1997-07-01,655,694,655,0,ok
2036Q UN,MORGAN STANLEY GROUP INC,1995-07-01..1997-07-01,484,505,484,0,ok
316419Q UN,PANENERGY CORP,1990-01-01..1997-07-01,1887,1896,1888,0,ok
693365Q UN,PACIFIC TELESIS GROUP,1990-01-01..1997-07-01,1830,1896,1832,0,ok
90457Q UN,USLIFE CORP,1990-01-01..1997-07-01,1885,1896,1887,0,ok
0376152D US,INTERGRAPH CORP,1990-01-01..1997-10-01,1961,1961,1961,0,ok
1013207D UN,DEVON SFS OPERATING INC,1990-10-01..1997-10-01,1771,1772,1772,0,ok
126784Q US,GENERAL SEMICONDUCTOR INC,1990-01-01..1997-10-01,1473,1458,1315,0,ok
1974Q UA,FUJITSU IT HOLDINGS INC,1990-01-01..1997-10-01,1949,1960,1952,0,ok
210967Q UN,NYNEX CORP,1990-01-01..1997-10-01,1927,1960,1928,0,ok
2168Q UQ,U S BANCORP-OLD,1995-01-01..1997-10-01,654,684,654,0,ok
231330Q UN,GREAT WESTERN FINANCIAL,1990-01-01..1997-10-01,1896,1960,1961,0,ok
2731112Q US,SIEMENS MEDICAL SOLUTIONS,1990-01-01..1997-10-01,1961,1961,1961,0,ok
3147596Q UN,MCDONNELL DOUGLAS CORP,1990-01-01..1997-10-01,1917,1960,1918,0,ok
334702Q UN,TXU GAS CO,1990-01-01..1997-10-01,1919,1960,1921,0,ok
GIDL UQ,GIDDINGS & LEWIS INC,1995-01-01..1997-10-01,694,684,696,0,ok
NAE UN,CENTERPOINT ENERGY RESOURCES,1994-04-01..1997-10-01,819,842,846,0,ok
NYT US,NEW YORK TIMES CO-A,1990-01-01..1997-10-01,1962,1961,1962,0,ok
TDM UN,TANDEM COMPUTERS INC,1990-01-01..1997-10-01,1938,1960,1939,0,ok
1005945D US,OHIO EDISON COMPANY,1990-01-01..1998-01-01,1988,2024,1988,0,ok
1802Q UN,BEVERLY ENTERPRISES-(OLD),1990-01-01..1998-01-01,2004,2024,2005,0,ok
2822069Q UN,SALOMON INC,1990-01-01..1998-01-01,2000,2024,2001,0,ok
FLMIQ UN,FLEMING COMPANIES INC,1990-01-01..1998-01-01,2023,2024,2024,0,ok
HFS UN,HFS INC,1996-07-01..1998-01-01,372,381,372,0,ok
LLX UN,LOUISIANA LAND & EXPLORATION,1990-01-01..1998-01-01,1975,2024,1976,0,ok
SRR UN,STRIDE RITE CORP/THE,1990-01-01..1998-01-01,2023,2024,2024,0,ok
0948669D US,AMERICAN GREETINGS CORP-CL A,1990-01-01..1998-04-01,2085,2086,2088,1,ok
204923Q UN,CALIBER SYSTEM INC,1995-10-01..1998-04-01,546,575,587,0,ok
2332645D UA,ECHO BAY MINES LTD,1990-01-01..1998-04-01,2084,2086,2086,0,ok
2638Q UN,BARNETT BANKS INC,1990-01-01..1998-04-01,2029,2085,2030,0,ok
3147Q UN,HOST HOLDING CORP,1995-10-01..1998-04-01,552,563,552,0,ok
PAS UN,PEPSIAMERICAS INC,1990-01-01..1998-04-01,2084,2086,2086,0,ok
UEP UN,UNION ELECTRIC CO,1991-07-01..1998-04-01,1645,1707,1646,0,ok
1073675D UQ,CHARMING SHOPPES,1990-01-01..1998-07-01,2149,2149,2149,0,ok
1558530D UN,USF&G CORPORATION,1990-01-01..1998-07-01,2101,2148,2102,0,ok
1801229D UN,SODEXO INC,1993-10-01..1998-07-01,1193,1178,1164,0,ok
2009Q UN,W.R. GRACE & CO-OLD,1996-07-01..1998-07-01,388,436,388,0,ok
2106Q UN,SAFETY-KLEEN CORP,1990-01-01..1998-07-01,2118,2148,2120,0,ok
2126800D UN,PACIFIC ENTERPRISES,1990-01-01..1998-07-01,2145,2148,2146,0,ok
2218Q UN,BENEFICIAL CORP,1990-01-01..1998-07-01,2147,2148,2148,0,ok
2332899D UN,DIGITAL EQUIPMENT,1990-01-01..1998-07-01,2134,2148,2135,0,ok
263179Q UN,CORESTATES FINANCIAL CORP,1993-10-01..1998-07-01,1093,1123,1154,0,ok
2964Q UN,CONSECO FINANCIAL CORP,1996-01-01..1998-07-01,631,631,631,0,ok
3520842Q UN,RYERSON INC,1990-01-01..1998-07-01,2148,2149,2149,0,ok
62553Q UN,NIELSEN MEDIA RESEARCH INC/U,1996-10-01..1998-07-01,430,415,430,0,ok
JH UN,HARLAND (JOHN H.) CO,1990-01-01..1998-07-01,2148,2149,2149,0,ok
RHDCQ UN,DEX ONE CORP,1990-01-01..1998-07-01,2148,2149,2149,0,ok
0598884D UQ,MCI COMMUNICATIONS,1995-01-01..1998-10-01,935,936,962,0,ok
0943554D UN,DII INDUSTRIES LLC,1990-01-01..1998-10-01,2209,2212,2211,0,ok
162007Q UN,MERCANTILE STORES CO INC,1990-01-01..1998-10-01,2181,2212,2182,0,ok
2196Q UN,BANKAMERICA CORP (OLD),1990-01-01..1998-10-01,2211,2212,2212,0,ok
2206Q UQ,ALCATEL-LUCENT HOLDINGS INC,1995-01-01..1998-10-01,930,936,931,0,ok
2282655Q UN,ECHLIN INC,1990-01-01..1998-10-01,2153,2212,2154,0,ok
2503749D UN,WESTERN ATLAS INC,1994-01-01..1998-10-01,1110,1131,1081,0,ok
3619382Q UN,MANOR CARE INC  (OLD),1990-01-01..1998-10-01,2207,2212,2209,0,ok
45861Q UN,HF AHMANSON & CO,1990-01-01..1998-10-01,2212,2213,2213,0,ok
69895Q UN,BAY NETWORKS INC,1996-01-01..1998-10-01,632,639,673,0,ok
GFS/A UA,GIANT FOOD INC  -CL A,1990-01-01..1998-10-01,2210,2213,2216,0,ok
WMX UN,WASTE MANAGEMENT INC/OLD,1990-01-01..1998-10-01,2158,2212,2159,0,ok
134618Q UN,GENERAL RE CORP,1990-01-01..1999-01-01,2268,2276,2269,0,ok
1567Q UN,SMURFIT-STONE CONTAINER ENTE,1990-01-01..1999-01-01,2244,2276,2246,0,ok
2200Q US,CITICORP,1990-01-01..1999-01-01,2217,2276,2217,0,ok
2223Q UN,WELLS FARGO & CO/OLD,1990-01-01..1999-01-01,2233,2276,2235,0,ok
2251Q UN,CHRYSLER CORP,1990-01-01..1999-01-01,2242,2276,2243,0,ok
231079Q UN,PENNZENERGY COMPANY,1990-01-01..1999-01-01,2275,2276,2276,0,ok
2360614D UN,ARMCO INC,1990-01-01..1999-01-01,2275,2276,2276,0,ok
2428Q UN,FIRST CHICAGO NBD CORP,1990-01-01..1999-01-01,2211,2276,2213,0,ok
370506Q UN,U S SURGICAL CORP,1992-07-01..1999-01-01,1580,1644,1581,0,ok
504369Q UN,GENERAL SIGNAL CORP,1990-01-01..1999-01-01,2215,2276,2216,0,ok
WAMUQ UQ,WASHINGTON MUTUAL INC,1997-07-01..1999-01-01,364,380,380,0,ok
2284Q UN,SUNAMERICA INC,1997-07-01..1999-04-01,380,441,380,0,ok
244630Q UQ,HBO & CO,1997-10-01..1999-04-01,324,377,324,0,ok
2500Q UN,BP CORP NORTH AMERICA INC,1990-01-01..1999-04-01,2275,2337,2276,0,ok
ORX UN,ORYX ENERGY CO,1990-01-01..1999-04-01,2313,2337,2314,0,ok
RBD UN,RUBBERMAID INC,1990-01-01..1999-04-01,2331,2337,2332,0,ok
TAP UQ,MOLSON COORS BEVERAGE CO - B,1994-10-01..1999-04-01,1061,1062,1136,0,ok
TCOMA UQ,COMCAST CABLE HOLDINGS LLC-A,1995-01-01..1999-04-01,1056,1061,1056,0,ok
1703561D UN,UNUM GROUP CORP,1998-07-01..1999-07-01,252,252,252,0,ok
2691Q UN,AMERICAN STORES CO LLC,1990-01-01..1999-07-01,2394,2400,2395,0,ok
2745Q UN,VODAFONE AMERICAS INC,1994-04-01..1999-07-01,1321,1307,1323,0,ok
3179Q UN,MORTON INTERNATIONAL LLC,1997-04-01..1999-07-01,542,534,542,0,ok
399463Q UN,DEUTSCHE BANK TRUST CORP,1990-01-01..1999-07-01,2380,2400,2381,0,ok
548227Q UN,FRED MEYER INC,1998-07-01..1999-07-01,229,252,229,0,ok
611647Q UN,TE CONNECTIVITY CORP,1990-01-01..1999-07-01,2337,2400,2338,0,ok
841273Q UQ,ASCEND COMMUNICATIONS INC,1998-04-01..1999-07-01,311,315,311,0,ok
896661Q UN,UNION CAMP CORP,1990-01-01..1999-07-01,2357,2400,2358,0,ok
968734Q UN,AEROQUIP-VICKERS INC,1990-01-01..1999-07-01,2342,2400,2343,0,ok
HRZIQ US,HARNISCHFEGER INDUSTRIES INC,1990-01-01..1999-07-01,2401,2401,2401,0,ok
JWN UQ,NORDSTROM INC,1994-10-01..1999-07-01,1124,1125,1199,0,ok
MWI UN,MOORE WALLACE INC,1990-01-01..1999-07-01,2400,2401,2401,0,ok
PARA UA,PARAMOUNT GLOBAL-CLASS B,1994-07-01..1999-07-01,1203,1274,1268,0,ok
2972Q UN,TRANSAMERICA CORP,1990-01-01..1999-10-01,2412,2464,2414,0,ok
3459Q UN,BROWNING-FERRIS INDS,1990-01-01..1999-10-01,2420,2464,2421,0,ok
3546Q UN,GLOBAL CROSSING NORTH AMERIC,1997-01-01..1999-10-01,691,693,691,0,ok
375573Q UN,CHAMPIONX LLC,1990-01-01..1999-10-01,2463,2465,2465,0,ok
390297Q UN,MERCANTILE BANCORPORATION,1998-01-01..1999-10-01,431,440,431,0,ok
BKB UN,BANKBOSTON CORPORATION,1990-01-01..1999-10-01,2463,2464,2464,0,ok
BMG UN,BATTLE MOUNTAIN GOLD CO,1996-07-01..1999-10-01,822,822,822,0,ok
FTLAQ US,FRUIT OF THE LOOM LTD,1995-04-01..1999-10-01,1137,1137,1137,0,ok
RYC UN,RAYCHEM CORP,1990-01-01..1999-10-01,2429,2464,2430,0,ok
0820143D UN,ASARCO LLC,1990-01-01..2000-01-01,2497,2527,2498,0,ok
183291Q UN,DATA GENERAL CORP,1990-01-01..2000-01-01,2471,2527,2472,0,ok
222435Q UN,CASE CORPORATION,1996-01-01..2000-01-01,978,1010,978,0,ok
2288005Q UN,PIONEER HI-BRED INTL INC,1995-10-01..2000-01-01,985,1032,962,0,ok
2454227D UN,TENNECO INC-CLASS A,1996-10-01..2000-01-01,770,821,770,0,ok
2755Q UN,HONEYWELL INC,1990-01-01..2000-01-01,2506,2527,2508,0,ok
2770014Q UN,KING WORLD PRODUCTIONS INC,1990-01-01..2000-01-01,2493,2527,2496,0,ok
3054Q UN,AT&T TELEHOLDINGS INC,1990-01-01..2000-01-01,2469,2527,2470,0,ok
363096Q UN,CYPRUS AMAX MINERALS CO,1990-01-01..2000-01-01,2507,2527,2508,0,ok
3891289Q UN,MOBIL CORP,1990-01-01..2000-01-01,2505,2527,2506,0,ok
93916Q UN,SONAT INC,1990-01-01..2000-01-01,2480,2527,2481,0,ok
LDWIF UN,LAIDLAW INC,1995-04-01..2000-01-01,1200,1200,1200,0,ok
PPW US,PACIFICORP,1990-01-01..2000-01-01,2505,2527,2505,0,ok
1727044D UN,CONSOLIDATED NATURAL GAS CO,1990-01-01..2000-04-01,2546,2590,2547,0,ok
827663Q UN,ARRIS TECHNOLOGY INC,1997-07-01..2000-04-01,619,663,619,0,ok
FLTWQ UN,FLEETWOOD ENTERPRISES,1990-01-01..2000-04-01,2590,2591,2591,0,ok
FWLT US,FOSTER WHEELER AG,1995-01-01..2000-04-01,1326,1341,1326,0,ok
HAS UN,HASBRO INC,1995-01-01..2000-04-01,1326,1341,1326,0,ok
RNB US,HSBC USA INC,1995-07-01..2000-04-01,1137,1199,1137,0,ok
SCI UN,SERVICE CORP INTERNATIONAL,1990-01-01..2000-04-01,2589,2607,2591,0,ok
140402Q UN,CHAMPION INTERNATIONAL CORP,1990-01-01..2000-07-01,2645,2653,2651,0,ok
1621582D UN,REYNOLDS METALS CO LLC,1990-01-01..2000-07-01,2612,2653,2622,0,ok
1627457D UN,PEP BOYS-MANNY MOE & JACK,1990-07-01..2000-07-01,2527,2547,2529,0,ok
1916672D UN,TIMES MIRROR CO-CL A,1990-01-01..2000-07-01,2639,2653,2730,0,ok
2731112Q UN,SIEMENS MEDICAL SOLUTIONS,1997-07-01..2000-07-01,703,688,759,0,ok
285939Q UN,PHARMACIA & UPJOHN INC,1995-10-01..2000-07-01,1113,1160,1119,0,ok
300583Q UN,ATLANTIC RICHFIELD CO,1990-01-01..2000-07-01,2601,2653,2622,0,ok
3301Q UN,MIRAGE RESORTS LLC,1997-07-01..2000-07-01,736,757,741,0,ok
45200Q UN,AEP TEXAS INC,1990-01-01..2000-07-01,2642,2653,2648,0,ok
667517Q UN,CBS CORP/OLD,1990-01-01..2000-07-01,2612,2653,2622,0,ok
IKN UN,RICOH USA INC,1990-01-01..2000-07-01,2653,2654,2662,0,ok
JOSEA US,JOSTENS INC-CL A.,1990-01-01..2000-07-01,2618,2653,2657,0,ok
MZIAQ UN,MILACRON INC,1990-01-01..2000-07-01,2666,2654,2667,0,ok
NC UN,NACCO INDUSTRIES-CL A,1990-01-01..2000-07-01,2653,2654,2655,0,ok
SGID UN,SILICON GRAPHICS INC,1995-01-01..2000-07-01,1389,1389,1390,0,ok
UMGI UN,COMCAST MO GROUP LLC,1995-10-01..2000-07-01,1169,1165,1150,0,ok
WLA UN,WARNER-LAMBERT CO LLC,1990-01-01..2000-07-01,2644,2653,2650,0,ok
WOR UQ,WORTHINGTON ENTERPRISES INC,1995-01-01..2000-07-01,1338,1378,1390,0,ok
1778808D UQ,3COM CORP,1996-01-01..2000-10-01,1200,1200,1201,0,ok
2953349Q UN,ANADARKO HOLDING CO,1996-10-01..2000-10-01,956,1009,961,0,ok
571300Q UN,GTE CORP,1990-01-01..2000-10-01,2653,2716,2658,0,ok
GAPTQ UN,GREAT ATLANTIC & PAC TEA CO,1990-01-01..2000-10-01,2716,2717,2718,0,ok
NCE UN,NEW CENTURY ENERGIES INC,1998-10-01..2000-10-01,476,504,486,0,ok
RADCQ UN,RITE AID CORP,1990-01-01..2000-10-01,2716,2736,2718,0,ok
USW UN,US WEST INC,1990-01-01..2000-10-01,2653,2716,2656,0,ok
0872237D UN,VERITAS SOFTWARE TECHNOLOGY,1996-07-01..2001-01-01,1111,1137,1124,0,ok
2269312Q UN,EASTERN ENTERPRISES,1990-01-01..2001-01-01,2744,2780,2755,0,ok
236555Q UN,BESTFOODS,1990-01-01..2001-01-01,2719,2780,2730,0,ok
291784Q UN,SEAGRAM CO LTD,1990-01-01..2001-01-01,2765,2780,2766,0,ok
301710Q UN,PAINE WEBBER GROUP INC,1999-04-01..2001-01-01,405,443,415,0,ok
304024Q UN,SPRINGS INDUSTRIES INC-CL A,1995-01-01..2001-01-01,1515,1500,1561,0,ok
3253Q UN,VOYA HOLDINGS INC,1990-01-01..2001-01-01,2768,2780,2780,0,ok
68335Q UN,COLUMBIA ENERGY GROUP,1990-01-01..2001-01-01,2739,2780,2751,0,ok
ACKH UN,ARMSTRONG HOLDINGS INC,1990-01-01..2001-01-01,2779,2780,2781,0,ok
AFS UN,ASSOCIATES FIRST CAPITAL-A,1998-04-01..2001-01-01,675,695,686,0,ok
BHMSQ UN,BETHLEHEM STEEL CORP,1990-01-01..2001-01-01,2779,2780,2781,0,ok
CCK UN,CROWN HOLDINGS INC,1990-01-01..2001-01-01,2779,2799,2781,0,ok
FJ UN,FORT JAMES CORP,1990-01-01..2001-01-01,2756,2780,2767,0,ok
FPC UN,FLORIDA PROGRESS CORP,1999-04-01..2001-01-01,423,443,433,0,ok
GBLXQ US,GLOBAL CROSSING LTD,1999-07-01..2001-01-01,20,5,381,0,ok
GRA UN,WR GRACE & CO,1998-04-01..2001-01-01,695,690,696,0,ok
MKG UN,MALLINCKRODT INC,1994-01-01..2001-01-01,1665,1701,1724,0,ok
NGH UN,RJR ACQUISITION CORP,1998-07-01..2001-01-01,619,632,629,0,ok
OWENQ UN,OWENS CORNING SALES LLC,1990-01-01..2001-01-01,2778,2780,2781,0,ok
PRDCQ UN,PRIMARY PDC INC,1990-01-01..2001-01-01,2779,2780,2781,0,ok
RML UN,RUSSELL CORP,1990-01-01..2001-01-01,2779,2780,2781,0,ok
UCM UN,UNICOM CORPORATION,1990-01-01..2001-01-01,2731,2780,2745,0,ok
YNR UN,YOUNG & RUBICAM LLC/DE,2000-01-01..2001-01-01,191,252,201,0,ok
1255177D UN,UNION CARBIDE CORP,1990-01-01..2001-04-01,2802,2841,2814,0,ok
253647Q UN,HISTORIC TW INC,1990-01-01..2001-04-01,2787,2840,2790,0,ok
3075558Q UN,SUMMIT BANCORP,1998-01-01..2001-04-01,796,817,810,0,ok
3277Q UN,J.P. MORGAN & COMPANY-OLD,1995-01-01..2001-04-01,1516,1561,1525,0,ok
3346Q UN,US BANCORP/FIRST BANK-OLD,1995-10-01..2001-04-01,1365,1387,1370,0,ok
BMC UQ,BMC SOFTWARE INC,1998-07-01..2001-04-01,680,694,695,0,ok
CGP UN,EL PASO CO LLC,1990-01-01..2001-04-01,2797,2841,2903,0,ok
1789494D UN,NIELSEN AUDIO INC,1992-04-01..2001-07-01,2291,2298,2265,0,ok
739306Q UN,HARCOURT GENERAL INC,1993-01-01..2001-07-01,2096,2081,2214,0,ok
89236Q UN,CIT GROUP INC,2000-07-01..2001-07-01,231,250,240,0,ok
AZA UN,ALZA CORP,1992-04-01..2001-07-01,2288,2279,2404,0,ok
BGGSQ UN,BRIGGS & STRATTON,1990-01-01..2001-07-01,2904,2924,2906,0,ok
OK UN,OLD KENT FINANCIAL CORP,1999-10-01..2001-07-01,378,440,391,0,ok
RTN/B UN,RAYTHEON CO-CLASS B,2001-01-01..2001-07-01,92,124,103,0,ok
SXCL UQ,STEEL EXCEL INC,1999-07-01..2001-07-01,505,505,506,0,ok
2567699D UN,ENTERASYS NETWORKS INC,1995-04-01..2001-10-01,1637,1637,1639,0,ok
2621018D UN,TOSCO CORP,1999-07-01..2001-10-01,554,564,566,0,ok
41018Q US,WACHOVIA CORP/OLD,1993-10-01..2001-10-01,2000,2015,2008,0,ok
950967Q UN,COREBRIDGE LIFE HOLDINGS INC,1990-01-01..2001-10-01,2945,2964,2956,0,ok
BVSN UQ,BROADVISION INC,2000-10-01..2001-10-01,248,248,249,0,ok
LDG UN,LONGS DRUG STORES CORP,1990-01-01..2001-10-01,2964,2965,2967,0,ok
OAT UN,QUAKER OATS CO,1990-01-01..2001-10-01,2926,2964,2940,0,ok
PCH UN,POTLATCHDELTIC CORP,1990-01-01..2001-10-01,2963,2985,2967,0,ok
TKR UN,TIMKEN CO,1990-01-01..2001-10-01,2964,2981,2967,0,ok
2572350D UN,NESTLE PURINA PETCARE CO,1990-01-01..2002-01-01,3014,3028,3026,0,ok
329556Q UN,NATIONAL SERVICE INDS INC,1990-01-01..2002-01-01,3027,3028,3030,0,ok
677004Q UN,TEXACO INC,1990-01-01..2002-01-01,2970,3028,2982,0,ok
ENRNQ UN,ENRON CREDITORS RECOVERY COR,1990-01-01..2002-01-01,3027,3028,3030,0,ok
GBLXQ UN,GLOBAL CROSSING LTD,2000-10-01..2002-01-01,286,271,312,0,ok
GPUI UN,GPU INC,1995-01-01..2002-01-01,1726,1763,1755,0,ok
HM UN,HOMESTAKE MINING,1990-01-01..2002-01-01,3017,3028,3028,0,ok
1051665D UN,WESTVACO CORP,1990-01-01..2002-04-01,3046,3088,3059,0,ok
228510Q UN,WILLAMETTE INDUSTRIES INC,1996-10-01..2002-04-01,1308,1303,1383,0,ok
544791Q UN,MEAD CORP,1990-01-01..2002-04-01,3046,3088,3058,0,ok
KMRTQ UN,KMART CORP/OLD,1990-01-01..2002-04-01,3088,3089,3091,0,ok
NMK UN,NIAGARA MOHAWK HOLDINGS INC,1990-01-01..2002-04-01,3048,3088,3060,0,ok
1040983D UQ,LAKESTAR SEMI INC,2000-01-01..2002-07-01,626,625,627,0,ok
355488Q UQ,REGIONS FINANCIAL CORP-OLD,1998-07-01..2002-07-01,965,1004,1007,0,ok
680884Q UN,COMPAQ COMPUTER CORP,1990-01-01..2002-07-01,3112,3152,3125,0,ok
SAPE UQ,SAPIENT CORPORATION,2000-04-01..2002-07-01,562,564,564,0,ok
UAWGQ UN,US AIRWAYS GROUP INC/OLD,1990-01-01..2002-07-01,3152,3153,3187,0,ok
WCOEQ UQ,WORLDCOM INC-WORLDCOM GROUP,1996-04-01..2002-07-01,1571,1573,1574,0,ok
2481644D UN,CONOCOPHILLIPS HOLDING CO,1999-07-01..2002-10-01,787,792,831,0,ok
8214761Q UN,ALCAN INC,1990-01-01..2002-10-01,3216,3217,3217,0,ok
B UN,BARRICK MINING CORP,1993-10-01..2002-10-01,2268,2289,2268,0,ok
CNCEQ UN,CONSECO INC,1997-01-01..2002-10-01,1409,1445,1448,0,ok
IMNX UQ,IMMUNEX CORP,2001-07-01..2002-10-01,259,311,269,0,ok
INCLF UN,INCO LTD,1990-01-01..2002-10-01,3216,3217,3264,0,ok
NRTLQ UN,NORTEL NETWORKS CORP,1990-01-01..2002-10-01,3216,3217,3219,0,ok
PALM UQ,PALM INC,2000-07-01..2002-10-01,563,563,564,0,ok
PDG UN,PLACER DOME INC,1990-01-01..2002-10-01,3216,3217,3217,0,ok
RDPL UN,ROYAL DUTCH PETRO-NY SHARES,1990-01-01..2002-10-01,3215,3217,3228,1,ok
UN UN,UNILEVER N V  -NY SHARES,1990-01-01..2002-10-01,3215,3233,3228,0,ok
VTSS UQ,MICROCHIP COMMUNICATIONS LLC,2000-10-01..2002-10-01,501,502,501,0,ok
297504Q UN,NORTHROP GRUMMAN SPACE & MIS,1990-01-01..2003-01-01,3266,3280,3269,0,ok
519239Q UQ,CONCORD EFS INC,2001-04-01..2003-01-01,402,438,439,0,ok
CMCSK UQ,COMCAST CORP-SPECIAL CL A,1993-10-01..2003-01-01,2331,2352,2335,1,ok
2727195Q UN,HSBC FINANCE CORP,1990-01-01..2003-04-01,3339,3341,3342,0,ok
AAMRQ UN,AMR CORP,1990-01-01..2003-04-01,3341,3362,3344,0,ok
EHC UN,ENCOMPASS HEALTH CORP,1997-01-01..2003-04-01,1561,1575,1573,0,ok
RATL UQ,RATIONAL SOFTWARE CORP,2002-01-01..2003-04-01,286,313,286,0,ok
748957Q UN,PHARMACIA LLC,1990-01-01..2003-07-01,3351,3404,3354,0,ok
MDRIQ UN,MCDERMOTT INTL INC,1990-01-01..2003-10-01,3466,3489,3471,0,ok
MIRKQ UN,MIRANT CORP-OLD,2001-04-01..2003-10-01,571,626,628,0,ok
QTRN UQ,QUINTILES TRANSNATIONAL CORP,1999-10-01..2003-10-01,1002,1004,1003,0,ok
BGEN UQ,BIOGEN MA INC,2000-01-01..2004-01-01,972,1004,973,0,ok
519239Q UN,CONCORD EFS INC,2002-10-01..2004-04-01,327,336,354,0,ok
FBF UN,FLEETBOSTON FINANCIAL CORP,1992-04-01..2004-04-01,3012,2998,2986,0,ok
TUPBQ UN,TUPPERWARE BRANDS CORP,1996-04-01..2004-04-01,1981,1973,1983,0,ok
0948669D UN,AMERICAN GREETINGS CORP-CL A,1998-01-01..2004-07-01,1606,1591,1637,0,ok
1822785D UN,UNION PLANTERS CORP,1998-07-01..2004-07-01,1508,1508,1511,0,ok
355488Q UN,REGIONS FINANCIAL CORP-OLD,2002-04-01..2004-07-01,545,530,570,0,ok
3621240Q UN,BANK ONE CORP,1990-01-01..2004-07-01,3651,3656,3659,0,ok
945852Q UN,SPRINT CORP-PCS GROUP,1998-10-01..2004-07-01,1364,1396,1366,0,ok
JHF UN,JOHN HANCOCK FINANCIAL SRVCS,2001-04-01..2004-07-01,771,814,772,0,ok
TAP/B UN,TRAVELERS PROP CASUALT-B,2002-07-01..2004-07-01,417,463,443,0,ok
605018Q UN,CHARTER ONE FIN INC,2000-04-01..2004-10-01,1108,1129,1111,0,ok
TNB UN,ABB INSTALLATION PRODUCTS IN,1990-01-01..2004-10-01,3720,3721,3724,0,ok
2676187Q UQ,SOUTHTRUST CORP,1999-01-01..2005-01-01,1466,1507,1468,0,ok
3029830Q UQ,PEOPLESOFT INC,1998-10-01..2005-01-01,1572,1572,1575,0,ok
502466Q US,WELLPOINT HEALTH NETWORKS,1999-04-01..2005-01-01,1425,1446,1439,0,ok
9990253D UN,REDCO CORP,1990-01-01..2005-01-01,3783,3802,3787,0,ok
AWE UN,NEW CINGULAR WIRELESS SERVIC,2001-07-01..2005-01-01,833,878,835,0,ok
DLX UN,DELUXE CORP,1990-01-01..2005-01-01,3783,3805,3787,0,ok
DVN UA,DEVON ENERGY CORP,2000-07-01..2005-01-01,1072,1133,1132,1,ok
WNDXQ UN,WINN-DIXIE STORES INC-OLD,1990-01-01..2005-01-01,3783,3784,3787,0,ok
WOR UN,WORTHINGTON ENTERPRISES INC,2000-04-01..2005-01-01,1181,1182,1196,0,ok
2326007D UQ,POWER-ONE INC,2000-10-01..2005-04-01,1130,1131,1131,0,ok
605555Q UN,SEARS ROEBUCK AND CO,1990-01-01..2005-04-01,3839,3868,3844,0,ok
1799685D UN,UNOCAL CORP,1990-01-01..2005-10-01,3936,3989,3940,0,ok
3153670Q UQ,VERITAS SOFTWARE CORP,2000-04-01..2005-10-01,1319,1381,1322,0,ok
723588Q UN,GREAT LAKES CHEMICAL CORP,1991-10-01..2005-10-01,3466,3530,3471,0,ok
764144Q UN,FIS CAPITAL MARKETS US LLC,2002-07-01..2005-10-01,786,820,787,0,ok
987200Q UN,MAY DEPARTMENT STORES CO,1990-01-01..2005-10-01,3948,3984,3953,0,ok
DALRQ UN,DELTA AIR LINES INC/OLD,1990-01-01..2005-10-01,3971,3995,3976,1,ok
NXTL UQ,NEXTEL COMMUNICATIONS INC-A,1998-04-01..2005-10-01,1855,1889,1875,0,ok
TOY UN,TOYS R US INC,1990-01-01..2005-10-01,3921,3989,3926,0,ok
1028411Q UN,GILLETTE COMPANY,1991-07-01..2006-01-01,3541,3677,3598,0,ok
1825471D UN,GEORGIA-PACIFIC LLC,1990-01-01..2006-01-01,4030,4035,4034,0,ok
653707Q UN,AT&T CORP,1990-01-01..2006-01-01,4007,4053,4011,0,ok
CPNLQ UN,CALPINE CORP,2000-10-01..2006-01-01,1301,1318,1321,0,ok
DPHIQ UN,DPH HOLDINGS CORP,1999-04-01..2006-01-01,1642,1698,1702,0,ok
NBR UA,NABORS INDUSTRIES LTD,2000-10-01..2006-01-01,1279,1321,1321,0,ok
PVN UN,PROVIDIAN FINANCIAL CORP,1997-04-01..2006-01-01,2091,2138,2094,0,ok
2217347D UQ,MERCURY INTERACTIVE LLC,2000-04-01..2006-04-01,1447,1506,1510,0,ok
3026360Q UN,SCIENTIFIC-ATLANTA LLC,1990-01-01..2006-04-01,4071,4097,4076,0,ok
DCNAQ UN,DANA CORP,1990-01-01..2006-04-01,4077,4097,4101,0,ok
KRB UN,MBNA CORP,1992-04-01..2006-04-01,3465,3548,3470,0,ok
RBK UN,REEBOK INTERNATIONAL LTD,1990-01-01..2006-04-01,4055,4097,4059,0,ok
SEBL UQ,SIEBEL SYSTEMS INC,2000-04-01..2006-04-01,1465,1506,1468,0,ok
VSTNQ UN,VISTEON CORP,2000-04-01..2006-04-01,1461,1446,1463,0,ok
1288652D US,JEFFERSON-PILOT CORP,1990-01-01..2006-07-01,4098,4160,4101,0,ok
1312089D UN,ALBERTSON'S LLC,1990-01-01..2006-07-01,4139,4160,4143,0,ok
1683351D UQ,NOVARTIS VACCINES AND DIAGNO,2000-10-01..2006-07-01,1394,1443,1395,0,ok
2613148D UN,GUIDANT LLC,1996-10-01..2006-07-01,2405,2461,2408,0,ok
2999130Q UN,BASF CATALYSTS LLC,1990-01-01..2006-07-01,4143,4160,4149,0,ok
3080867Q UN,MAYTAG CORP,1990-01-01..2006-07-01,4097,4160,4101,0,ok
929530Q UN,BURLINGTON RESOURCES INC,1993-10-01..2006-07-01,3149,3232,3152,0,ok
AMCC UQ,APPLIED MICRO CIRCUITS CORP,2001-01-01..2006-07-01,1381,1383,1383,0,ok
CIN UN,CINERGY CORP,1994-10-01..2006-07-01,2896,2958,2899,0,ok
KRI UN,KNIGHT RIDDER INC,1990-01-01..2006-07-01,4157,4160,4161,0,ok
0544749D UN,KERR-MCGEE CORP,1990-01-01..2006-10-01,4188,4223,4192,0,ok
0964591D UQ,BIOMET INC,1990-07-01..2006-10-01,4098,4098,4101,0,ok
1280712D UQ,NOVELLUS SYSTEMS INC,2000-04-01..2006-10-01,1634,1635,1636,0,ok
1519128D UQ,COMPUWARE CORP,1999-01-01..2006-10-01,1949,1949,1951,0,ok
1649858D UQ,SAFECO CORP,1990-01-01..2006-10-01,4223,4224,4227,1,ok
1683997D UQ,DELL INC,1996-07-01..2006-10-01,2580,2591,2584,1,ok
1746513D UQ,COMMSCOPE CONNECTIVITY LLC,1999-07-01..2006-10-01,1824,1824,1827,0,ok
1920486D UQ,ORACLE AMERICA INC,1992-07-01..2006-10-01,3590,3592,3595,2,ok
2207158D UQ,MEDIMMUNE LLC,2000-04-01..2006-10-01,1633,1634,1636,0,ok
2307532Q UQ,SCHNEIDER ELECTRIC IT CORP,2000-04-01..2006-10-01,1634,1633,1636,0,ok
2544554D UQ,SANDISK LLC,2006-04-01..2006-10-01,126,126,126,0,ok
2619871D UQ,STAPLES INC,1998-10-01..2006-10-01,2013,2013,2015,0,ok
2648540D UQ,GENZYME CORP,2001-10-01..2006-10-01,1259,1261,1261,0,ok
8206908Q UQ,BBVA USA BANCSHARES INC,2004-10-01..2006-10-01,504,504,504,0,ok
AAPL UQ,APPLE INC,1990-01-01..2006-10-01,4220,4246,4227,5,ok
ADBE UQ,ADOBE INC,1997-04-01..2006-10-01,2393,2397,2395,0,ok
ADSK UQ,AUTODESK INC,1990-01-01..2006-10-01,4225,4235,4227,0,ok
AMAT UQ,APPLIED MATERIALS INC,1995-01-01..2006-10-01,2959,2977,2962,0,ok
AMGN UQ,AMGEN INC,1992-01-01..2006-10-01,3717,3740,3721,2,ok
AMZN UQ,AMAZON.COM INC,2005-10-01..2006-10-01,251,251,251,0,ok
ANDW UQ,COMMSCOPE TECHNOLOGIES LLC,1990-01-01..2006-10-01,4225,4224,4227,0,ok
APOL UQ,APOLLO EDUCATION GROUP INC,2002-04-01..2006-10-01,1136,1137,1137,0,ok
BBBYQ UQ,20230930-DK-BUTTERFLY-1 INC,1999-07-01..2006-10-01,1825,1826,1827,0,ok
BIIB UQ,BIOGEN INC,2003-10-01..2006-10-01,754,757,757,0,ok
BRCM UQ,BROADCOM CORP-CL A,2000-07-01..2006-10-01,1570,1572,1572,0,ok
CAR UN,AVIS BUDGET GROUP INC,1995-04-01..2006-10-01,2896,2899,2899,0,ok
CIEN UQ,CIENA CORP,2001-07-01..2006-10-01,1319,1320,1321,0,ok
CINF UQ,CINCINNATI FINANCIAL CORP,1997-10-01..2006-10-01,2264,2268,2267,0,ok
CMCSA UQ,COMCAST CORP-CLASS A,1990-01-01..2006-10-01,4223,4246,4230,1,ok
COST UQ,COSTCO WHOLESALE CORP,1993-10-01..2006-10-01,3260,3251,3280,1,ok
CSCO UQ,CISCO SYSTEMS INC,1993-10-01..2006-10-01,3273,3297,3278,2,ok
CTAS UQ,CINTAS CORP,2001-01-01..2006-10-01,1445,1445,1446,0,ok
CTB UN,COOPER TIRE & RUBBER CO LLC,1990-04-01..2006-10-01,4160,4182,4164,0,ok
CTXS UQ,CITRIX SYSTEMS INC,1999-10-01..2006-10-01,1761,1761,1763,0,ok
EA UQ,ELECTRONIC ARTS INC,2002-07-01..2006-10-01,1072,1073,1073,0,ok
EBAY UQ,EBAY INC,2002-07-01..2006-10-01,1072,1073,1073,0,ok
ESRX UQ,EVERNORTH HEALTH INC,2003-07-01..2006-10-01,820,820,821,0,ok
FISV UQ,FISERV INC,2001-04-01..2006-10-01,1382,1382,1384,0,ok
FITB UQ,FIFTH THIRD BANCORP,1996-01-01..2006-10-01,2708,2719,2710,0,ok
GEN UQ,GEN DIGITAL INC,2003-01-01..2006-10-01,944,945,945,0,ok
GILD UQ,GILEAD SCIENCES INC,2004-04-01..2006-10-01,630,631,631,0,ok
GOOGL UQ,ALPHABET INC-CL A,2006-04-01..2006-10-01,126,126,126,0,ok
GTW UN,GATEWAY INC,1998-04-01..2006-10-01,2139,2139,2142,0,ok
HBAN UQ,HUNTINGTON BANCSHARES INC,1997-07-01..2006-10-01,2327,2332,2331,1,ok
INTC UQ,INTEL CORP,1990-01-01..2006-10-01,4222,4246,4227,2,ok
INTU UQ,INTUIT INC,2000-10-01..2006-10-01,1508,1510,1509,0,ok
JNPR UQ,JUNIPER NETWORKS INC,2006-04-01..2006-10-01,126,126,126,0,ok
KLAC UQ,KLA CORP,1997-07-01..2006-10-01,2329,2332,2331,0,ok
LLTC UQ,LINEAR TECHNOLOGY CORP,2000-04-01..2006-10-01,1634,1635,1636,0,ok
MOLX UQ,MOLEX LLC/US,1999-10-01..2006-10-01,1761,1761,1770,0,ok
MSFT UQ,MICROSOFT CORP,1994-04-01..2006-10-01,3147,3170,3151,1,ok
MWW UQ,MONSTER WORLDWIDE INC,2001-04-01..2006-10-01,1383,1383,1384,0,ok
MXIM UQ,MAXIM INTEGRATED PRODUCTS,2000-04-01..2006-10-01,1634,1635,1636,0,ok
NOVL UQ,MICRO FOCUS SOFTWARE INC,1991-10-01..2006-10-01,3782,3782,3785,1,ok
NTAP UQ,NETAPP INC,1999-04-01..2006-10-01,1888,1889,1890,0,ok
NTRS UQ,NORTHERN TRUST CORP,1998-01-01..2006-10-01,2200,2203,2203,0,ok
NVDA UQ,NVIDIA CORP,2001-10-01..2006-10-01,1260,1261,1261,0,ok
ORCL UQ,ORACLE CORP,1990-01-01..2006-10-01,4223,4245,4227,1,ok
PAYX UQ,PAYCHEX INC,1998-07-01..2006-10-01,2077,2078,2079,0,ok
PCAR UQ,PACCAR INC,1990-01-01..2006-10-01,4225,4244,4227,0,ok
PDCO UQ,PATTERSON COS INC,2005-10-01..2006-10-01,251,251,251,0,ok
PMCS UQ,MICROSEMI STORAGE SOLUTIONS,2001-07-01..2006-10-01,1320,1320,1321,0,ok
PTC UQ,PTC INC,1997-04-01..2006-10-01,2393,2392,2395,0,ok
QCOM UQ,QUALCOMM INC,1999-07-01..2006-10-01,1824,1827,1827,0,ok
QLGC UQ,QLOGIC LLC,2000-10-01..2006-10-01,1508,1510,1509,0,ok
SANM UQ,SANMINA CORP,2000-04-01..2006-10-01,1634,1636,1636,0,ok
SBUX UQ,STARBUCKS CORP,2000-04-01..2006-10-01,1634,1636,1636,0,ok
SCHW UQ,SCHWAB (CHARLES) CORP,2005-10-01..2006-10-01,196,251,251,0,ok
SHLDQ UQ,SEARS HOLDINGS CORP,2005-01-01..2006-10-01,440,440,440,0,ok
SIAL UQ,SIGMA-ALDRICH,1994-07-01..2006-10-01,3086,3102,3089,0,ok
TLAB UQ,INFINERA OPTICAL HOLDING INC,1995-07-01..2006-10-01,2833,2842,2836,1,ok
TROW UQ,T ROWE PRICE GROUP INC,1999-10-01..2006-10-01,1760,1762,1763,0,ok
VIAV UQ,VIAVI SOLUTIONS INC,2000-07-01..2006-10-01,1570,1571,1572,0,ok
VRSN UQ,VERISIGN INC,2006-01-01..2006-10-01,188,188,188,0,ok
WFM UQ,WHOLE FOODS MARKET INC,2006-01-01..2006-10-01,188,188,188,0,ok
XLNX UQ,XILINX INC,1999-10-01..2006-10-01,1761,1762,1763,0,ok
ZION UQ,ZIONS BANCORP NA,2001-04-01..2006-10-01,1382,1382,1384,0,ok
1281683D UN,ALBERTO-CULVER CO,1990-01-01..2007-01-01,4286,4287,4374,0,ok
1649858D UW,SAFECO CORP,2006-07-01..2007-01-01,105,126,126,0,ok
1837572D UN,NOKIA OF AMERICA CORP,1996-10-01..2007-01-01,2560,2589,2563,0,ok
3133754Q UN,AMSOUTH BANCORPORATION,1999-01-01..2007-01-01,1973,2011,1976,0,ok
3605818Q UN,HCA INC/OLD,1993-07-01..2007-01-01,3366,3381,3435,0,ok
ANDW UW,COMMSCOPE TECHNOLOGIES LLC,2006-07-01..2007-01-01,126,126,126,0,ok
ETFC UN,E*TRADE FINANCIAL CORP,2004-01-01..2007-01-01,752,756,756,0,ok
FSH UN,FISHER SCIENTIFIC INTERNATIO,2004-07-01..2007-01-01,597,631,597,0,ok
FSL/B UN,FREESCALE SEMICONDUCTOR-B,2004-10-01..2007-01-01,511,515,548,0,ok
GDW UN,GOLDEN WEST FINANCIAL CORP,1990-01-01..2007-01-01,4221,4307,4232,1,ok
LPX UN,LOUISIANA-PACIFIC CORP,1990-01-01..2007-01-01,4285,4307,4290,0,ok
NAV UN,NAVISTAR INTERNATIONAL CORP,1990-01-01..2007-01-01,4281,4308,4319,0,ok
NFB UN,NORTH FORK BANCORPORATION,2002-07-01..2007-01-01,1115,1135,1116,0,ok
1293405D UN,UNIVISION COMMUNICATIONS-A,2001-01-01..2007-04-01,1566,1567,1569,0,ok
1704453D UN,FREEPORT-MCMORAN CORP,1990-01-01..2007-04-01,4338,4369,4343,0,ok
1996760D UN,HEALTH MANAGEMENT ASSOCIATES,2001-10-01..2007-04-01,1384,1384,1386,0,ok
2307532Q UW,SCHNEIDER ELECTRIC IT CORP,2006-07-01..2007-04-01,156,186,157,0,ok
2987536Q UN,SYMBOL TECHNOLOGIES LLC,2000-10-01..2007-04-01,1575,1630,1578,0,ok
BLS UN,BELLSOUTH LLC,1990-01-01..2007-04-01,4286,4369,4291,0,ok
CMVT UQ,COMVERSE TECHNOLOGY INC,1999-10-01..2007-04-01,1844,1883,1888,0,ok
CMX UN,CAREMARK RX INC,2004-01-01..2007-04-01,809,815,811,0,ok
EOP UN,EQUITY OFFICE PROPERTIES TR,2001-10-01..2007-04-01,1350,1383,1352,0,ok
PGL UN,PEOPLES ENERGY LLC,1990-01-01..2007-04-01,4320,4347,4325,0,ok
1528159D UN,SABRE HOLDINGS CORP-CL A,2000-01-01..2007-07-01,1820,1882,1834,0,ok
2207158D UW,MEDIMMUNE LLC,2006-07-01..2007-07-01,241,249,242,0,ok
3362726Q UN,ANYWHERE REAL ESTATE GROUP L,2006-07-01..2007-07-01,181,166,182,0,ok
4621824Q UN,KINDER MORGAN KANSAS INC,2000-10-01..2007-07-01,1672,1693,1675,0,ok
0964591D UW,BIOMET INC,2006-07-01..2007-10-01,309,313,311,1,ok
1317355D UN,FIRST DATA CORP,1994-07-01..2007-10-01,3332,3353,3336,0,ok
1746513D UW,COMMSCOPE CONNECTIVITY LLC,2006-07-01..2007-10-01,314,314,315,0,ok
3403545Q UN,DOLLAR GENERAL CORP/OLD,1998-07-01..2007-10-01,2267,2326,2271,0,ok
8206908Q UW,BBVA USA BANCSHARES INC,2006-07-01..2007-10-01,297,313,298,0,ok
KSE UN,KEYSPAN CORP,2000-07-01..2007-10-01,1796,1820,1799,0,ok
MEL UN,MELLON FINANCIAL CORP,1990-01-01..2007-10-01,4407,4474,4415,0,ok
PMCS UW,MICROSEMI STORAGE SOLUTIONS,2006-07-01..2007-10-01,314,314,315,0,ok
SANM UW,SANMINA CORP,2006-07-01..2007-10-01,314,314,315,0,ok
VYX UN,NCR VOYIX CORP,2000-01-01..2007-10-01,1947,1949,1951,0,ok
0574018D UN,ARCHSTONE-SMITH TRUST,2004-10-01..2008-01-01,759,818,760,0,ok
0910150D US,PARK HOTELS & RESORTS INC /O,1990-01-01..2008-01-01,4487,4538,4496,5,ok
1448062D UN,DIRECTV,2006-10-01..2008-01-01,314,314,315,0,ok
1719868D UN,MANOR CARE INC,1998-07-01..2008-01-01,2385,2390,2389,0,ok
2502261D UN,TEKTRONIX INC,1990-01-01..2008-01-01,4511,4538,4516,0,ok
2641504Q UN,SOLECTRON CORP,1998-10-01..2008-01-01,2263,2326,2267,0,ok
3414924Q US,AVAYA LLC,2000-10-01..2008-01-01,1776,1816,1779,0,ok
3692470Q UN,ALLTEL CORP,1994-10-01..2008-01-01,3307,3353,3311,0,ok
BOL UN,BAUSCH & LOMB INC,1990-01-01..2008-01-01,4493,4538,4621,0,ok
DJ UN,DOW JONES & CO INC,1990-01-01..2008-01-01,4526,4538,4558,0,ok
TIN UN,TEMPLE-INLAND LLC,1990-01-01..2008-01-01,4537,4538,4542,0,ok
TRB UN,TRIBUNE CO/OLD,1990-01-01..2008-01-01,4531,4538,4536,0,ok
TXU US,ENERGY FUTURE HOLDINGS CORP/,1990-01-01..2008-01-01,4481,4556,4486,1,ok
1520415D UN,COMMERCE BANCORP LLC/NJ,2006-04-01..2008-04-01,500,501,501,0,ok
1541931D UQ,ALTERA CORP,2000-04-01..2008-04-01,2010,2011,2013,0,ok
CCTYQ UN,CIRCUIT CITY STORES INC,1990-01-01..2008-04-01,4598,4600,4604,0,ok
HET UN,CAESARS ENTERTAINMENT CORP,1990-01-01..2008-04-01,4514,4558,4492,0,ok
SNV UN,SYNOVUS FINANCIAL CORP,1997-10-01..2008-04-01,2640,2644,2644,0,ok
2326248D UN,CA INC,1990-01-01..2008-07-01,3039,4683,4668,0,ok
2942331Q UN,BEAR STEARNS COS LLC/THE,1998-04-01..2008-07-01,2557,2580,2564,0,ok
5656565D UN,TRANE INC,2002-04-01..2008-07-01,1558,1575,1560,0,ok
ABKFQ UN,AMBAC FINANCIAL GROUP INC/OL,2000-10-01..2008-07-01,1947,1947,1950,0,ok
BC UN,BRUNSWICK CORP,1990-01-01..2008-07-01,4663,4684,4668,0,ok
CFC UN,COUNTRYWIDE FINANCIAL CORP,1997-04-01..2008-07-01,2831,2836,2835,0,ok
OMX UN,OFFICEMAX INC,1990-01-01..2008-07-01,4663,4684,4668,0,ok
SSP UN,EW SCRIPPS CO/THE-A,2005-10-01..2008-07-01,691,691,692,0,ok
1649858D UN,SAFECO CORP,2006-10-01..2008-10-01,455,446,498,0,ok
1812212D UW,IAC/INTERACTIVECORP,2006-10-01..2008-10-01,504,504,505,0,ok
2968900Q UN,IHEARTCOMMUNICATIONS INC,1997-07-01..2008-10-01,2788,2836,2792,0,ok
3022239Q UN,WENDY'S INTERNATIONAL LLC,1990-01-01..2008-10-01,4725,4727,4730,0,ok
3423152Q UN,PERATON ENTERPRISE SOLUTIONS,1998-07-01..2008-10-01,2555,2579,2558,0,ok
CME UN,CME GROUP INC,2006-07-01..2008-10-01,510,567,568,0,ok
FMCC UN,FREDDIE MAC,1992-01-01..2008-10-01,4211,4244,4225,0,ok
FNMA UN,FANNIE MAE,1990-01-01..2008-10-01,4717,4749,4731,0,ok
LEHMQ UN,LEHMAN BROTHERS HOLDINGS INC,1998-01-01..2008-10-01,2691,2707,2708,0,ok
WAMUQ UN,WASHINGTON MUTUAL INC,1998-10-01..2008-10-01,2463,2470,2520,1,ok
3286728Q UN,APPLIED BIOSYSTEMS INC,1990-01-01..2009-01-01,4764,4791,4769,0,ok
3393199Q UN,ANHEUSER-BUSCH COS INC,1990-01-01..2009-01-01,4761,4812,4765,0,ok
ADP UN,AUTOMATIC DATA PROCESSING,1990-01-01..2009-01-01,4740,4814,4795,1,ok
ASH UN,ASHLAND INC,1990-01-01..2009-01-01,4790,4812,4795,0,ok
AW UN,ALLIED WASTE INDUSTRIES INC,1999-07-01..2009-01-01,2374,2391,2378,0,ok
BRL UN,BARR PHARMACEUTICALS INC,2006-01-01..2009-01-01,749,755,750,0,ok
DDS UN,DILLARDS INC-CL A,1990-01-01..2009-01-01,4790,4812,4795,0,ok
HPC US,HERCULES LLC,1990-01-01..2009-01-01,4758,4791,4763,1,ok
KATE UN,KATE SPADE & CO LLC,1991-01-01..2009-01-01,4503,4510,4542,0,ok
MTG UN,MGIC INVESTMENT CORP,1996-07-01..2009-01-01,3148,3157,3150,0,ok
MWW UW,MONSTER WORLDWIDE INC,2006-07-01..2009-01-01,594,630,631,0,ok
MYL UN,MYLAN NV,2004-04-01..2009-01-01,1194,1198,1199,0,ok
TEX UN,TEREX CORP,2006-10-01..2009-01-01,567,567,568,0,ok
TFCFA UN,TFCF CORP,2004-10-01..2009-01-01,1068,1071,1072,0,ok
UIS UN,UNISYS CORP,1990-01-01..2009-01-01,4785,4808,4795,0,ok
WWY UN,WM WRIGLEY JR CO,1990-01-01..2009-01-01,4730,4805,4779,0,ok
1255173D UN,WACHOVIA CORP,1990-01-01..2009-04-01,4790,4869,4795,0,ok
3517233Q UN,UST LLC,1990-01-01..2009-04-01,4792,4852,4797,0,ok
ACAS UW,ACAS LLC,2007-07-01..2009-04-01,442,442,442,0,ok
JNY UN,JONES GROUP INC/THE,2001-10-01..2009-04-01,1889,1889,1891,0,ok
MER UN,MERRILL LYNCH & CO INC,1990-01-01..2009-04-01,4790,4874,4799,0,ok
NCC UN,NATIONAL CITY CORP,1994-07-01..2009-04-01,3653,3733,3657,0,ok
SITC UN,SITE CENTERS CORP,2007-01-01..2009-04-01,566,566,567,0,ok
SOV UN,SANTANDER HOLDINGS USA INC,2004-04-01..2009-04-01,1215,1258,1218,0,ok
WFTIQ UN,WEATHERFORD INTERNATIONAL PL,2005-07-01..2009-04-01,944,944,945,0,ok
1654539D UN,EMBARQ LLC,2006-04-01..2009-07-01,795,780,796,0,ok
MTLQQ UN,MOTORS LIQUIDATION CO,1990-01-01..2009-07-01,4892,4937,4920,0,ok
ROH UN,ROHM AND HAAS CO,1990-01-01..2009-07-01,4852,4936,4857,0,ok
0226226D UN,CENTEX LLC,1990-01-01..2009-10-01,4948,4979,4953,0,ok
CITGQ UN,CIT GROUP INC,2004-10-01..2009-10-01,1260,1260,1261,0,ok
MAT UN,MATTEL INC,1990-01-01..2009-10-01,4972,5002,4984,0,ok
MTW UN,MANITOWOC COMPANY INC,2007-10-01..2009-10-01,506,506,506,0,ok
RRD UN,RR DONNELLEY & SONS CO,1990-01-01..2009-10-01,4938,5001,4984,0,ok
2622092D UN,SCHERING-PLOUGH CORP/PRE-MER,1990-01-01..2010-01-01,5002,5043,5007,0,ok
BMC UN,BMC SOFTWARE INC,2001-01-01..2010-01-01,2168,2215,2266,0,ok
CIEN UW,CIENA CORP,2006-07-01..2010-01-01,882,882,883,0,ok
CVG UN,CONVERGYS CORP,2000-04-01..2010-01-01,2452,2454,2456,0,ok
DYNIQ UN,DYNEGY INC/OLD,2000-10-01..2010-01-01,2326,2326,2331,0,ok
JNPR UW,JUNIPER NETWORKS INC,2006-07-01..2010-01-01,838,882,883,0,ok
KBH UN,KB HOME,1990-01-01..2010-01-01,5042,5065,5051,0,ok
MBI UN,MBIA INC,1996-10-01..2010-01-01,3336,3343,3340,0,ok
MU UN,MICRON TECHNOLOGY INC,1994-07-01..2010-01-01,3903,3924,3958,0,ok
WINMQ UN,WINDSTREAM HOLDINGS INC,2006-07-01..2010-01-01,867,882,883,0,ok
WYE UN,WYETH LLC,1990-01-01..2010-01-01,4989,5065,4994,0,ok
1920486D UW,ORACLE AMERICA INC,2006-07-01..2010-04-01,898,943,899,0,ok
8277831Q UN,CONDUENT BUSINESS SERVICES L,2004-04-01..2010-04-01,1473,1510,1475,0,ok
BDK UN,BLACK & DECKER CORP/THE,1990-01-01..2010-04-01,5090,5125,5095,0,ok
BNI UN,BURLINGTON NORTHERN SANTA FE,1990-01-01..2010-04-01,5071,5125,5076,0,ok
PBG UN,PEPSI BOTTLING GROUP INC,2001-04-01..2010-04-01,2239,2262,2302,0,ok
RX UN,IQVIA INC,1998-04-01..2010-04-01,2939,2947,2942,0,ok
SCHW UW,SCHWAB (CHARLES) CORP,2006-07-01..2010-04-01,924,944,945,0,ok
1524867D UN,BJ SERVICES CO,2002-04-01..2010-07-01,2035,2079,2037,0,ok
2073714D UN,ENBRIDGE EOG HOLDINGS II COR,2006-10-01..2010-07-01,944,944,945,0,ok
XTO UN,XTO ENERGY INC,2004-10-01..2010-07-01,1444,1447,1445,0,ok
0202445Q UN,EMD MILLIPORE CORP,1990-01-01..2010-10-01,5175,5231,5180,0,ok
1810430D UN,SMITH INTERNATIONAL INC,2006-10-01..2010-10-01,984,1007,985,0,ok
2572102D UN,KP PHARMACEUTICALS LLC,2000-10-01..2011-01-01,2578,2578,2581,0,ok
9995522D UN,OFFICE DEPOT INC,1999-04-01..2011-01-01,0,2937,2962,0,ok
EKDKQ UN,EASTMAN KODAK CO,1990-01-01..2011-01-01,5293,5317,5299,0,ok
HAS US,HASBRO INC,1990-01-01..2011-01-01,5295,5316,5299,0,ok
NYT UN,NEW YORK TIMES CO-A,1997-07-01..2011-01-01,3339,3342,3403,0,ok
PTV UN,PACTIV LLC,1999-10-01..2011-01-01,2781,2796,2785,0,ok
0772031D UN,QWEST COMMUNICATIONS INTL,2000-07-01..2011-04-01,2702,2703,2706,1,ok
AYE UN,ALLEGHENY ENERGY INC,2000-10-01..2011-04-01,2616,2640,2619,0,ok
MDP UN,HAWKEYE ACQUISITION INC,1990-01-01..2011-04-01,5357,5364,5362,0,ok
MFE UN,MCAFEE INC,2008-10-01..2011-04-01,607,630,607,0,ok
QLGC UW,QLOGIC LLC,2006-07-01..2011-04-01,1197,1197,1198,0,ok
2648540D UW,GENZYME CORP,2006-07-01..2011-07-01,1202,1259,1203,0,ok
8394653Q UN,PROLOGIS,2003-07-01..2011-07-01,1996,2016,1998,0,ok
MEE UN,ALPHA APPALACHIA HOLDINGS LL,1990-01-01..2011-07-01,5398,5445,5403,0,ok
NOVL UW,MICRO FOCUS SOFTWARE INC,2006-07-01..2011-07-01,1214,1259,1215,0,ok
RSHCQ UN,RS LEGACY CORP,1990-01-01..2011-07-01,5420,5423,5425,0,ok
0203524D UN,NATIONAL SEMICONDUCTOR CORP,1990-01-01..2011-10-01,5478,5504,5483,0,ok
2213185D UN,MARSHALL & ILSLEY CORP,2002-01-01..2011-10-01,2394,2455,2396,0,ok
0111145D UN,NICOR INC,1990-01-01..2012-01-01,5532,5567,5568,0,ok
AKS UN,CLEVELAND-CLIFFS STEEL HOLDI,2008-04-01..2012-01-01,948,948,948,0,ok
CEPH UW,CEPHALON INC,2008-10-01..2012-01-01,766,819,768,0,ok
FTRCQ UN,FRONTIER COMMUNICATIONS CORP,2001-01-01..2012-01-01,2757,2769,2770,0,ok
ITT UN,ITT INC,1990-01-01..2012-01-01,5544,5567,5551,0,ok
JNS UN,JANUS HENDERSON US HOLDINGS,2000-07-01..2012-01-01,2893,2887,2896,0,ok
JOY UW,KOMATSU MINING CORP,2011-01-01..2012-01-01,234,252,252,0,ok
MWW UN,MONSTER WORLDWIDE INC,2008-10-01..2012-01-01,792,820,820,0,ok
SLM UN,SLM CORP,1998-04-01..2012-01-01,3448,3465,3466,0,ok
SUNEQ UN,SUNEDISON INC,2007-04-01..2012-01-01,1199,1199,1199,0,ok
TLAB UW,INFINERA OPTICAL HOLDING INC,2006-07-01..2012-01-01,1386,1386,1387,0,ok
VIAB UN,VIACOM INC-CLASS B,2006-01-01..2012-01-01,1490,1511,1512,0,ok
1519128D UW,COMPUWARE CORP,2006-07-01..2012-04-01,1448,1448,1449,0,ok
1972693D UN,CONSTELLATION ENERGY GROUP,1990-01-01..2012-04-01,5592,5610,5599,0,ok
TXN UN,TEXAS INSTRUMENTS INC,1990-01-01..2012-04-01,5545,5627,5613,1,ok
0867887D UN,MOTOROLA MOBILITY HOLDINGS L,2011-01-01..2012-07-01,349,371,349,0,ok
1280712D UW,NOVELLUS SYSTEMS INC,2006-07-01..2012-07-01,1492,1510,1493,0,ok
1996074D UN,EL PASO LLC,1999-10-01..2012-07-01,3183,3210,3187,0,ok
ADI UN,ANALOG DEVICES INC,1999-10-01..2012-07-01,3145,3210,3212,0,ok
HSH UN,HILLSHIRE BRANDS CO/THE,1990-01-01..2012-07-01,5671,5691,5676,0,ok
MDLZ UN,MONDELEZ INTERNATIONAL INC-A,2007-04-01..2012-07-01,1320,1324,1324,0,ok
MHS UN,MEDCO HEALTH SOLUTIONS INC,2003-07-01..2012-07-01,2178,2232,2180,0,ok
SVU UN,SUPERVALU INC,1990-01-01..2012-07-01,5671,5689,5676,0,ok
WDC UN,WESTERN DIGITAL CORP,2009-04-01..2012-07-01,799,820,820,0,ok
0961514D UN,PROGRESS ENERGY INC,1990-01-01..2012-10-01,5672,5735,5677,0,ok
CVSA UN,COVISTA INC,2009-04-01..2012-10-01,884,884,884,0,ok
GR UN,GOODRICH CORP,1990-01-01..2012-10-01,5689,5735,5694,0,ok
LXK UN,LEXMARK INTERNATIONAL INC-A,1999-07-01..2012-10-01,3336,3338,3340,0,ok
SHLDQ UW,SEARS HOLDINGS CORP,2006-07-01..2012-10-01,1575,1575,1576,0,ok
1086832D UN,ETC SUNOCO HOLDINGS LLC,1990-01-01..2013-01-01,5738,5797,5743,0,ok
1431816D UN,LSI CORP,1995-10-01..2013-01-01,4335,4355,4344,0,ok
ANRZQ UN,ALPHA NATURAL RESOURCES INC,2011-04-01..2013-01-01,440,440,440,0,ok
CBE UN,COOPER INDUSTRIES PLC,1990-01-01..2013-01-01,5775,5797,5781,0,ok
GT UN,GOODYEAR TIRE & RUBBER CO,1990-01-01..2013-01-01,5787,5818,5801,0,ok
RRD UW,RR DONNELLEY & SONS CO,2009-07-01..2013-01-01,858,882,882,0,ok
TIE UN,TITANIUM METALS CORP,2007-10-01..2013-01-01,1323,1323,1323,0,ok
BIGGQ UN,BIG LOTS INC,1998-01-01..2013-04-01,3834,3834,3838,0,ok
FHI UN,FEDERATED HERMES INC,2003-04-01..2013-04-01,2517,2517,2519,0,ok
APOL UW,APOLLO EDUCATION GROUP INC,2006-07-01..2013-07-01,1761,1761,1762,0,ok
CVH UN,COVENTRY HEALTH CARE INC,2005-07-01..2013-07-01,1974,2012,1975,0,ok
DFODQ UN,DEAN FOODS CO,2006-04-01..2013-07-01,1824,1824,1825,0,ok
FHN UN,FIRST HORIZON CORP,2002-04-01..2013-07-01,2834,2834,2836,0,ok
HNZ UN,KRAFT HEINZ FOODS CO,1990-01-01..2013-07-01,5905,5941,5910,0,ok
PRGO UW,PERRIGO CO PLC,2011-10-01..2013-07-01,420,438,438,0,ok
TMUS UN,T-MOBILE US INC,2009-04-01..2013-07-01,1070,1070,1070,0,ok
0848680D UN,SPRINT COMMUNICATIONS LLC,1992-01-01..2013-10-01,5381,5445,5426,1,ok
AMD UN,ADVANCED MICRO DEVICES,1990-01-01..2013-10-01,5985,6008,5990,0,ok
BMC UW,BMC SOFTWARE INC,2009-10-01..2013-10-01,975,1006,992,0,ok
ORCL UW,ORACLE CORP,2006-07-01..2013-10-01,1769,1825,1826,0,ok
1683997D UW,DELL INC,2006-07-01..2014-01-01,1845,1888,1846,0,ok
2071296D UN,NYSE EURONEXT,2007-10-01..2014-01-01,1542,1575,1542,0,ok
ANF UN,ABERCROMBIE & FITCH CO-CL A,2007-01-01..2014-01-01,1762,1762,1763,0,ok
CPPRQ UN,OLD COPPER CO INC,1990-01-01..2014-01-01,6048,6070,6053,0,ok
MAR UN,MARRIOTT INTERNATIONAL -CL A,1998-04-01..2014-01-01,3914,3966,3969,0,ok
MOLX UW,MOLEX LLC/US,2006-07-01..2014-01-01,1872,1888,1874,0,ok
TER UN,TERADYNE INC,1999-10-01..2014-01-01,3585,3588,3589,0,ok
VIAV UW,VIAVI SOLUTIONS INC,2006-07-01..2014-01-01,1888,1888,1894,0,ok
1255459D UW,LIFE TECHNOLOGIES CORP,2008-10-01..2014-04-01,1344,1383,1344,0,ok
WPX UN,WPX ENERGY INC,2012-01-01..2014-04-01,564,563,564,0,ok
1431816D UW,LSI CORP,2012-10-01..2014-07-01,346,438,400,0,ok
1752754D UN,SUNTORY GLOBAL SPIRITS INC,1990-01-01..2014-07-01,6130,6177,6135,0,ok
1858968D UN,FOREST LABORATORIES INC,2000-10-01..2014-07-01,3456,3458,3459,0,ok
9876544D UN,INTL GAME TECHNOLOGY,2001-07-01..2014-07-01,3269,3270,3272,0,ok
CLF UN,CLEVELAND-CLIFFS INC,2009-10-01..2014-07-01,1195,1195,1195,0,ok
SLM UW,SLM CORP,2011-10-01..2014-07-01,641,690,690,0,ok
BTUUQ UN,PEABODY ENERGY CORP,2006-10-01..2014-10-01,2014,2014,2015,0,ok
GHC UN,GRAHAM HOLDINGS CO-CLASS B,2007-10-01..2014-10-01,1764,1764,1764,0,ok
RDC UN,ROWAN COMPANIES PLC-A,1990-01-01..2014-10-01,6237,6260,6242,0,ok
X UN,UNITED STATES STEEL CORP,1991-04-01..2014-10-01,5900,5902,5876,0,ok
BMS UN,AMCOR FLEXIBLES NORTH AMERIC,1990-01-01..2015-01-01,6300,6305,6305,0,ok
WBA UN,WALGREENS BOOTS ALLIANCE INC,1990-01-01..2015-01-01,6299,6317,6305,0,ok
1284849D UN,ALLERGAN INC/UNITED STATES,1992-01-01..2015-04-01,5844,5878,5850,0,ok
AVP UN,AVON PRODUCTS INC,1990-01-01..2015-04-01,6362,6385,6367,0,ok
CFN UN,CAREFUSION CORP,2009-07-01..2015-04-01,1400,1404,1400,0,ok
COV UN,COVIDIEN LTD,2007-07-01..2015-04-01,1906,1951,1906,0,ok
DNRCQ UN,DENBURY INC-PRE BANKRUPTCY,2009-04-01..2015-04-01,1511,1511,1511,0,ok
NBR UN,NABORS INDUSTRIES LTD,2005-10-01..2015-04-01,2367,2390,2390,0,ok
PETM UW,PETSMART LLC,2012-10-01..2015-04-01,613,627,613,0,ok
SWY UN,SAFEWAY INC,1998-10-01..2015-04-01,4108,4151,4112,0,ok
1288453D UW,MONSTER BEVERAGE 1990 CORP,2012-04-01..2015-07-01,804,816,804,0,ok
LO UN,LORILLARD INC,2008-04-01..2015-07-01,1764,1775,1764,0,ok
QEP UN,QEP RESOURCES INC,2010-04-01..2015-07-01,1270,1258,1298,0,ok
TEG UN,INTEGRYS ENERGY GROUP INC,2007-01-01..2015-07-01,2137,2138,2138,0,ok
WINMQ UW,WINDSTREAM HOLDINGS INC,2009-10-01..2015-07-01,1398,1446,1447,0,ok
1448062D UW,DIRECTV,2007-10-01..2015-10-01,1924,2015,1968,0,ok
1684442D UN,PALL CORP,1992-10-01..2015-10-01,5767,5796,5775,0,ok
9876549D UN,NIELSEN NV,2013-07-01..2015-10-01,546,568,546,0,ok
ATI UN,ATI INC,1996-07-01..2015-10-01,4814,4855,4818,0,ok
FDO UN,FAMILY DOLLAR STORES LLC,2001-07-01..2015-10-01,3523,3584,3526,0,ok
HSP UN,HOSPIRA INC,2004-04-01..2015-10-01,2864,2873,2866,0,ok
KRFT UW,KRAFT FOODS GROUP INC,2012-10-01..2015-10-01,692,753,692,0,ok
MWV UN,WESTROCK MWV LLC,2002-01-01..2015-10-01,3379,3442,3381,0,ok
NEBLQ UN,NOBLE HOLDING CORP PLC,2001-01-01..2015-10-01,3710,3711,3713,0,ok
1541931D UW,ALTERA CORP,2008-01-01..2016-01-01,2011,2015,2012,0,ok
2596516D UN,COMPUTER SCIENCES CORP,1990-01-01..2016-01-01,6552,6573,6557,0,ok
CMCSK UW,COMCAST CORP-SPECIAL CL A,2015-07-01..2016-01-01,115,128,118,0,ok
CSX UN,CSX CORP,1990-01-01..2016-01-01,6545,6573,6557,0,ok
GNW UN,GENWORTH FINANCIAL INC,2005-10-01..2016-01-01,2578,2580,2581,0,ok
HCBK UW,HUDSON CITY BANCORP INC,2007-01-01..2016-01-01,2224,2266,2225,0,ok
JOY UN,KOMATSU MINING CORP,2011-10-01..2016-01-01,1024,1069,1069,0,ok
SIAL UW,SIGMA-ALDRICH,2006-07-01..2016-01-01,2363,2392,2364,0,ok
2557974D UN,PEPCO HOLDINGS LLC,2007-10-01..2016-04-01,2135,2140,2135,0,ok
2558202D UN,SCRIPPS NETWORKS INTER-CL A,2008-04-01..2016-04-01,1952,1950,1965,0,ok
2584271D UN,PLUM CREEK TIMBER CO,2002-01-01..2016-04-01,3558,3586,3560,0,ok
9876566D UN,CHUBB CORP,1990-01-01..2016-04-01,6561,6636,6566,0,ok
BRCM UW,BROADCOM CORP-CL A,2006-07-01..2016-04-01,2411,2453,2414,0,ok
CNX UN,CNX RESOURCES CORP,2006-04-01..2016-04-01,2517,2517,2518,0,ok
FOSL UW,FOSSIL GROUP INC,2012-04-01..2016-04-01,1006,1006,1006,0,ok
GMCR UW,KEURIG GREEN MOUNTAIN INC,2014-01-01..2016-04-01,545,565,546,0,ok
PCP UN,PRECISION CASTPARTS CORP,2007-04-01..2016-04-01,2224,2266,2224,0,ok
VALPQ UN,VALARIS PLC,2007-01-01..2016-04-01,2328,2328,2329,0,ok
1500785D UN,TECO ENERGY INC,2001-10-01..2016-07-01,3713,3714,3716,1,ok
1566019D UN,ADT SECURITY CORP/THE,2012-07-01..2016-07-01,910,942,910,0,ok
2544554D UW,SANDISK LLC,2006-07-01..2016-07-01,2482,2517,2484,0,ok
2596482D UN,CAMERON INTERNATIONAL CORP,2008-01-01..2016-07-01,2077,2140,2077,0,ok
ARG UN,AIRGAS INC,2009-07-01..2016-07-01,1735,1763,1735,0,ok
BXLT UN,BAXALTA INC,2015-04-01..2016-07-01,245,253,245,0,ok
CCEP UN,COCA-COLA EUROPACIFIC PARTNE,1998-10-01..2016-07-01,4467,4468,4471,0,ok
CPGX UN,COLUMBIA PIPELINE GROUP,2015-07-01..2016-07-01,253,252,253,0,ok
CVC UN,CABLEVISION SYSTEMS-NY GRP-A,2010-10-01..2016-07-01,1439,1447,1448,0,ok
GAS UN,SOUTHERN CO GAS,2011-10-01..2016-07-01,1194,1194,1194,0,ok
GME UN,GAMESTOP CORP-CLASS A,2007-10-01..2016-07-01,2205,2205,2205,0,ok
THC UN,TENET HEALTHCARE CORP,1990-01-01..2016-07-01,6678,6691,6683,0,ok
TWC UN,TIME WARNER CABLE,2009-01-01..2016-07-01,1856,1887,1856,0,ok
1436513D UN,JOHNSON CONTROLS INC,1990-01-01..2016-10-01,6722,6763,6727,0,ok
2258717D UN,EMC CORP/MA,1996-01-01..2016-10-01,5207,5237,5211,0,ok
CPGX US,COLUMBIA PIPELINE GROUP,2016-04-01..2016-10-01,64,64,64,0,ok
HOT UN,STARWOOD HOTELS & RESORTS WO,2000-10-01..2016-10-01,4019,4025,4022,0,ok
AA UN,ALCOA CORP,1990-01-01..2017-01-01,6804,6827,6809,0,ok
DOFSQ UN,DIAMOND OFFSHORE DRILLING,2009-01-01..2017-01-01,2014,2014,2014,0,ok
LM UN,LEGG MASON INC,2006-04-01..2017-01-01,2707,2707,2708,0,ok
OI UN,O-I GLASS INC,1997-07-01..2017-01-01,4909,4912,4913,0,ok
1539941D UN,SPECTRA ENERGY LLC,2007-01-01..2017-04-01,2555,2579,2555,0,ok
ENDPQ UW,ENDO INTERNATIONAL PLC,2015-01-01..2017-04-01,566,566,566,0,ok
FTRCQ UW,FRONTIER COMMUNICATIONS CORP,2011-10-01..2017-04-01,1330,1383,1383,0,ok
HAR UN,HARMAN INTERNATIONAL,2006-01-01..2017-04-01,2816,2830,2817,0,ok
LLTC UW,LINEAR TECHNOLOGY CORP,2006-07-01..2017-04-01,2691,2705,2692,0,ok
PBI UN,PITNEY BOWES INC,1990-01-01..2017-04-01,6866,6888,6871,0,ok
STJ UN,ST JUDE MEDICAL INC,1996-10-01..2017-04-01,5057,5122,5104,0,ok
URBN UW,URBAN OUTFITTERS INC,2010-01-01..2017-04-01,1824,1824,1824,0,ok
1518855D US,YAHOO! INC - SET UP FOR FUND,1999-10-01..2017-07-01,4456,4468,4460,0,ok
1806854D UN,DUN & BRADSTREET CORP,2008-10-01..2017-07-01,2203,2203,2203,0,ok
MJN UN,MEAD JOHNSON NUTRITION CO,2009-10-01..2017-07-01,1939,1950,1939,0,ok
R UN,RYDER SYSTEM INC,1990-01-01..2017-07-01,6928,6949,6934,0,ok
SWN UN,SOUTHWESTERN ENERGY CO,2008-04-01..2017-07-01,2331,2331,2331,0,ok
TDC UN,TERADATA CORP,2007-07-01..2017-07-01,2469,2456,2469,0,ok
TGNA UN,TEGNA INC,1990-01-01..2017-07-01,6929,6952,6934,0,ok
1697067D UN,DOW CHEMICAL CO/THE,1990-01-01..2017-10-01,6972,7013,6977,0,ok
1715651D UN,EIDP INC,1990-01-01..2017-10-01,6972,7014,6977,0,ok
2619871D UW,STAPLES INC,2006-07-01..2017-10-01,2819,2831,2820,0,ok
AN UN,AUTONATION INC,2003-01-01..2017-10-01,3713,3713,3715,0,ok
BBBYQ UW,20230930-DK-BUTTERFLY-1 INC,2006-07-01..2017-10-01,2832,2832,2833,0,ok
BHI UN,BAKER HUGHES HOLDINGS LLC,1990-01-01..2017-10-01,6930,7014,6935,0,ok
MNKKQ UN,MALLINCKRODT PLC,2014-07-01..2017-10-01,820,820,820,0,ok
MUR UN,MURPHY OIL CORP,2005-07-01..2017-10-01,3084,3084,3085,0,ok
RAI UN,REYNOLDS AMERICAN INC,2002-07-01..2017-10-01,3793,3841,3795,0,ok
RIG UN,TRANSOCEAN LTD,1999-10-01..2017-10-01,4529,4531,4533,0,ok
WFM UW,WHOLE FOODS MARKET INC,2006-07-01..2017-10-01,2809,2831,2810,0,ok
LVLT UN,LEVEL 3 COMMUNICATIONS INC,2014-10-01..2018-01-01,778,819,778,0,ok
PEP UN,PEPSICO INC,1990-01-01..2018-01-01,7048,7078,7060,0,ok
PFG UN,PRINCIPAL FINANCIAL GROUP,2002-07-01..2018-01-01,3895,3904,3906,0,ok
2558202D UW,SCRIPPS NETWORKS INTER-CL A,2016-01-01..2018-04-01,498,564,564,0,ok
BCR UN,CR BARD INC,1990-01-01..2018-04-01,7054,7138,7059,0,ok
CHKAQ UN,CHESAPEAKE ENERGY CORP,2006-01-01..2018-04-01,3081,3081,3082,0,ok
PDCO UW,PATTERSON COS INC,2006-07-01..2018-04-01,2956,2956,2957,0,ok
SIG UN,SIGNET JEWELERS LTD,2015-07-01..2018-04-01,692,692,692,0,ok
XEL UN,XCEL ENERGY INC,1990-01-01..2018-04-01,7055,7118,7121,0,ok
1856613D UN,MONSANTO CO,2002-07-01..2018-07-01,4012,4028,4014,0,ok
AYI UN,ACUITY INC,2016-04-01..2018-07-01,567,567,567,0,ok
CSRA UN,CSRA INC,2015-10-01..2018-07-01,598,649,598,0,ok
NAVI UW,NAVIENT CORP,2014-04-01..2018-07-01,1059,1050,1059,0,ok
RRC UN,RANGE RESOURCES CORP,2007-10-01..2018-07-01,2707,2707,2707,0,ok
TNL UN,TRAVEL + LEISURE CO,2006-07-01..2018-07-01,3009,2997,3010,0,ok
TWX UN,TIME WARNER INC,1999-01-01..2018-07-01,4894,4907,4898,0,ok
1831877D UN,XL GROUP LTD,2001-07-01..2018-10-01,4326,4340,4329,0,ok
ANDV UN,ANDEAVOR,2007-07-01..2018-10-01,2833,2833,2833,0,ok
CBOE UW,CBOE GLOBAL MARKETS INC,2017-01-01..2018-10-01,429,440,440,0,ok
GGP UN,GGP INC,2007-07-01..2018-10-01,2583,2825,2810,0,ok
KDP UN,KEURIG DR PEPPER INC,2008-10-01..2018-10-01,2518,2518,2518,0,ok
UAL UN,UNITED AIRLINES HOLDINGS INC,2015-07-01..2018-10-01,820,820,820,0,ok
1922150D UN,LINDE INC/CT,1992-07-01..2019-01-01,6633,6691,6626,0,ok
2326248D UW,CA INC,2008-04-01..2019-01-01,2652,2708,2671,0,ok
AET UN,AETNA INC,2000-10-01..2019-01-01,4518,4539,4521,0,ok
AMD UR,ADVANCED MICRO DEVICES,2017-01-01..2019-01-01,502,502,502,0,ok
COL UN,ROCKWELL COLLINS INC,2001-07-01..2019-01-01,4379,4402,4382,0,ok
ESRX UW,EVERNORTH HEALTH INC,2006-07-01..2019-01-01,3140,3146,3141,0,ok
EVHC UN,ENVISION HEALTHCARE CORP,2016-10-01..2019-01-01,467,564,510,0,ok
GTX UN,GARRETT MOTION INC,2018-07-01..2019-01-01,73,58,73,0,ok
LNT UN,ALLIANT ENERGY CORP,2016-04-01..2019-01-01,693,693,693,0,ok
NWL UN,NEWELL BRANDS INC,1990-01-01..2019-01-01,7306,7327,7311,0,ok
REG UN,REGENCY CENTERS CORP,2017-01-01..2019-01-01,502,502,502,0,ok
SRCL UW,STERICYCLE INC,2008-10-01..2019-01-01,2580,2580,2580,0,ok
GT UW,GOODYEAR TIRE & RUBBER CO,2012-10-01..2019-04-01,1581,1634,1634,0,ok
NFX UN,OVINTIV EXPLORATION INC,2010-10-01..2019-04-01,2106,2137,2106,0,ok
SCG UN,SCANA CORP,2009-01-01..2019-04-01,2516,2577,2516,0,ok
TFCF UW,TFCF CORP - B,2015-07-01..2019-04-01,934,943,944,0,ok
TFCFA UW,TFCF CORP,2008-10-01..2019-04-01,2571,2640,2642,0,ok
1927294D UN,L3 TECHNOLOGIES INC,2004-10-01..2019-07-01,3711,3711,3712,0,ok
BHF UW,BRIGHTHOUSE FINANCIAL INC,2017-07-01..2019-07-01,491,477,493,0,ok
FLR UN,FLUOR CORP,2000-10-01..2019-07-01,4672,4660,4675,0,ok
MAT UW,MATTEL INC,2009-07-01..2019-07-01,2453,2517,2517,0,ok
2499073D UW,IHS MARKIT LTD,2017-04-01..2019-10-01,565,629,629,0,ok
2616271D UN,ANADARKO PETROLEUM CORP,1997-07-01..2019-10-01,5563,5603,5567,0,ok
EXC UN,EXELON CORP,1990-01-01..2019-10-01,7495,7498,5998,0,ok
FL UN,FOOT LOCKER INC,1990-01-01..2019-10-01,7495,7511,7500,0,ok
JEF UN,JEFFERIES FINANCIAL GROUP IN,2007-07-01..2019-10-01,3085,3085,3085,0,ok
RHT UN,RED HAT LLC,2009-07-01..2019-10-01,2521,2580,2521,0,ok
TSS UN,TOTAL SYSTEM SERVICES INC,2008-01-01..2019-10-01,2948,2957,2948,0,ok
2370058D UN,SUNTRUST BANKS INC,1990-01-01..2020-01-01,7542,7577,7547,0,ok
AMG UN,AFFILIATED MANAGERS GROUP,2014-04-01..2020-01-01,1449,1449,1449,0,ok
CELG UW,CELGENE CORP,2006-10-01..2020-01-01,3308,3335,3309,0,ok
MAC UN,MACERICH CO/THE,2013-04-01..2020-01-01,1702,1702,1702,0,ok
NBL UN,NOBLE ENERGY INC,2007-10-01..2020-01-01,3085,3085,3085,0,ok
NKTR UW,NEKTAR THERAPEUTICS,2018-01-01..2020-01-01,503,503,503,0,ok
PARA UN,PARAMOUNT GLOBAL-CLASS B,1999-04-01..2020-01-01,5218,5224,5226,0,ok
TRIP UW,TRIPADVISOR INC,2011-10-01..2020-01-01,2029,2019,2075,0,ok
VIAB UW,VIACOM INC-CLASS B,2011-10-01..2020-01-01,2015,2075,2075,0,ok
WCG UN,WELLCARE HEALTH PLANS INC,2018-07-01..2020-04-01,393,440,393,0,ok
XEC UN,COTERRA ENERGY OPERATING CO,2014-04-01..2020-04-01,1512,1512,1512,0,ok
AGN UN,ALLERGAN UNLTD CO,1999-04-01..2020-07-01,5311,5348,5315,0,ok
APA UN,APA CORP,1997-07-01..2020-07-01,5789,5794,5793,0,ok
ARNC UN,ARCONIC CORP,2020-01-01..2020-07-01,64,63,65,0,ok
BFH UN,BREAD FINANCIAL HOLDINGS INC,2013-10-01..2020-07-01,1700,1700,1700,0,ok
CPRI UN,CAPRI HOLDINGS LTD,2013-10-01..2020-07-01,1700,1700,1700,0,ok
HOG UN,HARLEY-DAVIDSON INC,2000-01-01..2020-07-01,5157,5159,5161,0,ok
HP UN,HELMERICH & PAYNE,1990-01-01..2020-07-01,7684,7705,7689,0,ok
JWN UN,NORDSTROM INC,1999-04-01..2020-07-01,5300,5302,5352,0,ok
M UN,MACY'S INC,1995-10-01..2020-07-01,6231,6242,6235,0,ok
RTN UN,RAYTHEON COMPANY,1990-01-01..2020-07-01,7622,7701,7564,0,ok
AEP UN,AMERICAN ELECTRIC POWER,1990-01-01..2020-10-01,7748,7770,7753,0,ok
COTY UN,COTY INC-CL A,2016-10-01..2020-10-01,1007,1007,1007,0,ok
HRB UN,H&R BLOCK INC,1990-01-01..2020-10-01,7748,7771,7753,0,ok
KSS UN,KOHLS CORP,1998-07-01..2020-10-01,5601,5604,5605,0,ok
AIV UN,APARTMENT INVT & MGMT CO -A,2003-01-01..2021-01-01,4532,4532,4534,0,ok
ETFC UW,E*TRADE FINANCIAL CORP,2006-10-01..2021-01-01,3465,3588,3527,0,ok
HST UN,HOST HOTELS & RESORTS INC,2007-01-01..2021-01-01,3525,3525,3526,0,ok
MYL UW,MYLAN NV,2008-10-01..2021-01-01,2993,3085,3054,0,ok
NBL UW,NOBLE ENERGY INC,2019-10-01..2021-01-01,193,255,256,0,ok
2078185D UN,TIFFANY & CO,2000-04-01..2021-04-01,5224,5284,5228,0,ok
CXO UN,CONCHO RESOURCES LLC,2016-01-01..2021-04-01,1269,1320,1269,0,ok
FLS UN,FLOWSERVE CORP,2008-10-01..2021-04-01,3147,3147,3147,0,ok
FTI UN,TECHNIPFMC PLC,2009-04-01..2021-04-01,3022,3022,3022,0,ok
SLG UN,SL GREEN REALTY CORP,2015-01-01..2021-04-01,1573,1573,1573,0,ok
VNT UN,VONTIER CORP,2020-10-01..2021-04-01,126,115,126,0,ok
XRX UN,XEROX HOLDINGS CORP,1990-01-01..2021-04-01,7873,7890,7879,0,ok
FLIR UW,FLIR SYSTEMS INC,2009-01-01..2021-07-01,3112,3145,3113,0,ok
HFC UN,HOLLYFRONTIER CORP,2018-04-01..2021-07-01,820,820,820,0,ok
HON UN,HONEYWELL INTERNATIONAL INC,1990-01-01..2021-07-01,7935,7958,7943,0,ok
VAR UN,VARIAN MEDICAL SYSTEMS INC,2007-01-01..2021-07-01,3595,3649,3596,0,ok
ALXN UW,ALEXION PHARMACEUTICALS INC,2012-04-01..2021-10-01,2340,2391,2341,0,ok
DTM UN,DT MIDSTREAM INC,2021-04-01..2021-10-01,74,59,74,0,ok
MXIM UW,MAXIM INTEGRATED PRODUCTS,2006-07-01..2021-10-01,3558,3837,3816,0,ok
NOV UN,NOV INC,2005-01-01..2021-10-01,4217,4217,4218,0,ok
PRGO UN,PERRIGO CO PLC,2013-04-01..2021-10-01,2097,2144,2144,0,ok
UNM UN,UNUM GROUP,1994-01-01..2021-10-01,6988,7004,6992,0,ok
BKR UN,BAKER HUGHES CO,2017-07-01..2022-01-01,1134,1134,1134,0,ok
GRMN UW,GARMIN LTD,2012-10-01..2022-01-01,2311,2329,2333,0,ok
HBI UN,HANESBRANDS INC,2015-01-01..2022-01-01,1763,1763,1763,0,ok
KSU UN,KANSAS CITY SOUTHERN,1999-04-01..2022-01-01,5714,5727,5718,0,ok
LEG UN,LEGGETT & PLATT INC,1999-10-01..2022-01-01,5600,5601,5604,0,ok
SLVM UN,SYLVAMO CORP,2021-07-01..2022-01-01,70,60,70,0,ok
WU UN,WESTERN UNION CO,2006-10-01..2022-01-01,3840,3840,3841,0,ok
2499073D UN,IHS MARKIT LTD,2019-07-01..2022-04-01,671,695,671,0,ok
GAP UN,GAP INC/THE,1990-01-01..2022-04-01,8126,8148,8131,0,ok
XLNX UW,XILINX INC,2006-07-01..2022-04-01,3932,3965,3934,0,ok
CERN UW,CERNER CORP,2010-04-01..2022-07-01,3068,3084,3069,0,ok
DISCA UW,WARNER BROS DISCOVERY INC,2010-01-01..2022-07-01,3089,3145,3092,0,ok
DISCK UW,DISCOVERY INC-C,2014-07-01..2022-07-01,1959,2015,1962,0,ok
EMBC UW,EMBECTA CORP,2022-01-01..2022-07-01,70,59,70,0,ok
IPGP UW,IPG PHOTONICS CORP,2018-01-01..2022-07-01,1133,1133,1133,0,ok
PBCT UW,PEOPLE'S UNITED FINANCIAL,2008-10-01..2022-07-01,3400,3461,3401,0,ok
UA UN,UNDER ARMOUR INC-CLASS C,2016-04-01..2022-07-01,1575,1570,1575,0,ok
UAA UN,UNDER ARMOUR INC-CLASS A,2014-04-01..2022-07-01,2079,2079,2079,0,ok
9990213D UN,JACOBS ENGINEERING GROUP INC,2007-10-01..2022-10-01,3754,3777,3754,0,ok
PENN UW,PENN ENTERTAINMENT INC,2021-01-01..2022-10-01,440,440,440,0,ok
PVH UN,PVH CORP,2013-01-01..2022-10-01,2455,2455,2455,0,ok
ABMD UW,ABIOMED INC,2018-04-01..2023-01-01,1192,1197,1193,0,ok
CTXS UW,CITRIX SYSTEMS INC,2006-07-01..2023-01-01,4090,4153,4092,0,ok
DRE UN,DUKE REALTY CORP,2017-07-01..2023-01-01,1322,1384,1322,0,ok
EVRG UN,EVERGY INC,2018-04-01..2023-01-01,1198,1198,1198,0,ok
FBIN UN,FORTUNE BRANDS INNOVATIONS I,2016-04-01..2023-01-01,1701,1701,1701,0,ok
NLSN UN,NIELSEN HOLDINGS LTD,2015-07-01..2023-01-01,1834,1889,1834,0,ok
TWTR UN,TWITTER INC,2018-04-01..2023-01-01,1154,1197,1154,0,ok
LUMN UN,LUMEN TECHNOLOGIES INC,1999-01-01..2023-04-01,6101,6103,6105,0,ok
SBNY UW,SIGNATURE BANK,2021-10-01..2023-04-01,362,376,377,0,ok
SIVBQ UW,SVB FINANCIAL GROUP,2018-01-01..2023-04-01,1306,1320,1321,0,ok
VNO UN,VORNADO REALTY TRUST,2005-07-01..2023-04-01,4468,4468,4469,0,ok
DISH UW,DISH NETWORK CORP-A,2017-01-01..2023-07-01,1634,1634,1634,0,ok
FRCB UN,FIRST REPUBLIC BANK/CA,2019-01-01..2023-07-01,1089,1132,1132,0,ok
AAP UN,ADVANCE AUTO PARTS INC,2015-07-01..2023-10-01,2077,2077,2077,0,ok
COO UN,COOPER COS INC/THE,2016-07-01..2023-10-01,1824,1824,1824,0,ok
LNC UN,LINCOLN NATIONAL CORP,1990-01-01..2023-10-01,8501,8523,8420,0,ok
NWL UW,NEWELL BRANDS INC,2018-10-01..2023-10-01,1209,1258,1258,0,ok
ROP UN,ROPER TECHNOLOGIES INC,2009-10-01..2023-10-01,3523,3523,3523,0,ok
ALK UN,ALASKA AIR GROUP INC,2016-04-01..2024-01-01,1951,1951,1951,0,ok
ATVI UW,ACTIVISION BLIZZARD INC,2015-07-01..2024-01-01,2086,2140,2087,0,ok
DXC UN,DXC TECHNOLOGY CO,2017-04-01..2024-01-01,1698,1696,1698,0,ok
EXPD UW,EXPEDITORS INTL WASH INC,2007-10-01..2024-01-01,4064,4091,4091,0,ok
LIN UN,LINDE PLC,2018-10-01..2024-01-01,1321,1321,1321,0,ok
OGN UN,ORGANON & CO,2021-04-01..2024-01-01,662,647,662,0,ok
SEDG UW,SOLAREDGE TECHNOLOGIES INC,2021-10-01..2024-01-01,565,565,565,0,ok
SEE UN,SEALED AIR CORP,1998-04-01..2024-01-01,6480,6477,6484,0,ok
WHR UN,WHIRLPOOL CORP,1990-01-01..2024-04-01,8626,8642,8631,0,ok
ZION UW,ZIONS BANCORP NA,2006-07-01..2024-04-01,4466,4466,4467,0,ok
9980328D UN,LABORATORY CRP OF AMER HLDGS,2004-10-01..2024-07-01,4941,4969,4942,0,ok
CMA UN,COMERICA INC,1995-10-01..2024-07-01,7236,7248,7240,0,ok
DOC US,HEALTHPEAK PROPERTIES INC,2024-01-01..2024-07-01,125,125,125,0,ok
ILMN UW,ILLUMINA INC,2015-10-01..2024-07-01,2201,2201,2201,0,ok
PXD UN,PIONEER NATURAL RESOURCES CO,2008-07-01..2024-07-01,3987,4026,3987,0,ok
RHI UN,ROBERT HALF INC,2000-10-01..2024-07-01,5973,5974,5976,0,ok
VFC UN,VF CORP,1990-01-01..2024-07-01,8689,8706,8694,0,ok
XRAY UW,DENTSPLY SIRONA INC,2008-10-01..2024-07-01,3963,3963,3963,0,ok
9983490D UN,TE CONNECTIVITY LTD,2007-07-01..2024-10-01,4341,4342,4342,0,ok
AAL UW,AMERICAN AIRLINES GROUP INC,2015-01-01..2024-10-01,2453,2453,2453,0,ok
BBWI UN,BATH & BODY WORKS INC,1990-01-01..2024-10-01,8753,8774,8758,0,ok
BIO UN,BIO-RAD LABORATORIES-A,2020-04-01..2024-10-01,1133,1133,1133,0,ok
CPB UN,THE CAMPBELL'S COMPANY,1990-01-01..2024-10-01,8753,8774,8758,0,ok
ETSY UW,ETSY INC,2020-07-01..2024-10-01,1070,1070,1070,0,ok
WRK UN,WESTROCK CO,2015-07-01..2024-10-01,2268,2327,2268,0,ok
9903115D UN,BLACKROCK FINANCE INC,2011-04-01..2025-01-01,3397,3460,3460,0,ok
9991429D UN,APTIV IRISH HOLDINGS LTD,2012-10-01..2025-01-01,3073,3082,3073,0,ok
AMTM UN,AMENTUM HOLDINGS INC,2024-07-01..2025-01-01,69,59,69,0,ok
CTLT UN,CATALENT INC,2020-07-01..2025-01-01,1124,1133,1124,0,ok
MRO UN,MARATHON OIL CORP,1991-04-01..2025-01-01,8449,8483,8481,0,ok
PLTR UN,PALANTIR TECHNOLOGIES INC-A,2024-07-01..2025-01-01,128,128,128,0,ok
QRVO UW,QORVO INC,2015-04-01..2025-01-01,2455,2455,2455,0,ok
BWA UN,BORGWARNER INC,2011-10-01..2025-04-01,3394,3394,3394,0,ok
CE UN,CELANESE CORP,2018-10-01..2025-04-01,1634,1634,1634,0,ok
DPZ UN,DOMINO'S PIZZA INC,2020-04-01..2025-04-01,1257,1257,1257,0,ok
FMC UN,FMC CORP,1990-01-01..2025-04-01,8877,8898,8882,0,ok
TFX UN,TELEFLEX INC,2019-01-01..2025-04-01,1571,1571,1571,0,ok
DFS UN,DISCOVER FINANCIAL SERVICES,2007-07-01..2025-07-01,4499,4528,4499,0,ok
KMB UN,KIMBERLY-CLARK CORP,1990-01-01..2025-07-01,8938,8962,8944,0,ok
ANSS UW,ANSYS INC,2017-04-01..2025-10-01,2083,2136,2084,0,ok
CZR UW,CAESARS ENTERTAINMENT INC,2021-01-01..2025-10-01,1192,1192,1192,0,ok
ENPH UQ,ENPHASE ENERGY INC,2021-01-01..2025-10-01,1192,1192,1192,0,ok
HES UN,HESS CORP,1990-01-01..2025-10-01,8950,9023,8955,0,ok
JNPR UN,JUNIPER NETWORKS INC,2009-10-01..2025-10-01,3941,4024,3961,0,ok
MKTX UW,MARKETAXESS HOLDINGS INC,2019-04-01..2025-10-01,1636,1636,1636,0,ok
PARA UW,PARAMOUNT GLOBAL-CLASS B,2019-10-01..2025-10-01,1424,1508,1471,0,ok
WBA UW,WALGREENS BOOTS ALLIANCE INC,2014-10-01..2025-10-01,2680,2766,2744,0,ok
EMN UN,EASTMAN CHEMICAL CO,1994-01-01..2026-01-01,8053,8059,7994,1,ok
FISV UN,FISERV INC,2023-04-01..2026-01-01,690,690,690,0,ok
IPG UN,INTERPUBLIC GROUP OF COS INC,1992-10-01..2026-01-01,8347,8391,8352,0,ok
K UN,KELLANOVA,1990-01-01..2026-01-01,9052,9087,9057,0,ok
KMX UN,CARMAX INC,2010-04-01..2026-01-01,3963,3963,3963,0,ok
LKQ UW,LKQ CORP,2016-04-01..2026-01-01,2453,2453,2453,0,ok
MHK UN,MOHAWK INDUSTRIES INC,2013-10-01..2026-01-01,3082,3082,3082,0,ok
WMT UN,WALMART INC,1990-01-01..2026-01-01,9066,9082,9071,0,ok
DAY UN,DAYFORCE INC,2021-07-01..2026-04-01,1153,1192,1153,0,ok
VGNT UN,VERSIGENT PLC,2026-01-01..2026-07-01,49,34,50,0,ok
